,job_title,job_link,company,location,date_posted
0,Trainee Parts Advisor,https://uk.indeed.com/viewjob?mo=r&ad=-6NYlbfkN0DeXU0vMxLyKhfauY-dgUBa_3v1DHLtGGo4EP_Dl8CiY0WGEpJmbUscYT5VibeW5-ZNCngxY1ftzAhlS6yVcIOHtiTKp6sfC5067ERxpLUJOS3GKBTE1jDMjF7erXPGMH7jMZQgAaIQ-KvvvsZULbzKxvgy2HY9REJZiAMQr8E9XfO6on_RRJ_Ff8GIThOnug6YKK88YRiOREMrvIeonYxnJa3NFLuhwPe3lFXcC09396TCHdhozrlQog1YDbYeRTU3i3NeYzE_l_xEpCgJTNGFC_zgdPVMGH61VTIg_6RIhJpQsbK2EfBud19KvP7GGjFkBglB-kw77IjsmWVzBPgqJOfZfwxLGBEkVWCMp-uAoI9aAYYEzPbRWm7oecFtvSGfnIoNJBv5gLlXSS6vgAAyCmmU9qe1-mriZG5tdpdfzAPjn37V26Grd8ZcoikQ1iCRaHcqP-MvfooXdaXkB4sUki8TCghmlXZrnHLW-IxeJFEIJzz2Jxl8EngnoqYGK_o=&xkcb=SoBM-_M3MPXGkwR_hR0KbzkdCdPP&p=0&fvj=1&vjs=3,Robert Davies Machinery Ltd,Shrewsbury,Just posted
1,Parts Advisor,https://uk.indeed.com/viewjob?mo=r&ad=-6NYlbfkN0DeXU0vMxLyKhfauY-dgUBa_3v1DHLtGGo4EP_Dl8CiY0WGEpJmbUscf6ZEUSfG3pkSdXsJTiV6gLeISEFt6hvE8pXELUmXgxVaee6PBz6jWvossVSdQqxotxbbvjIjHElhezjKuvxMmyhlB5kS6puRQH102N4-bhoNiZmtekYlGjvKUUzKIvOZ4FqmjvlzEIWUdiVrz3f98oGa84ROtc4WsG6lM2r_nU_R8PlbM1-Vb7neIvXwD-8pJSbtamZHg4mXSJ1ZrXdGym3phpfrmdWPTmvyvounk9T8X6jjgVcgqymWsu1r5yGMq8WKbRnZhUc6E-6NJbhTtQiljDcsaKH0Sd4jqD2Wwrv3uV2C6sF77PDDq48QFAzlb-BGuMEvQ8c5GqaN-8gjWSdxKhrdGhcS2asv1FQrCC1Tpc7u1hptwSbXKE4imC2_4m6ywI6LQMURmi5urg14YYiIgC81S5rUoF6JWMdFwyL-1bNICS8OSbQZzudQxsr8&xkcb=SoDR-_M3MPXGkwR_hR0JbzkdCdPP&p=1&fvj=1&vjs=3,Robert Davies Machinery Ltd,Shrewsbury,Just posted
2,Tyre Fitter / Wheel Aligner,https://uk.indeed.com/viewjob?mo=r&ad=-6NYlbfkN0Ay8kMpPx5AwiuY_UFDY8j1Yr2j73LY0ukmC00ahEwpDtlqvKXK-vibJ6DpUrmcifmYzPsohskILRn7D_jP9swY0xPAw136ckn6NtO6anGL7cNzyBnIyT8XZjvmdaXvS1g-J015eud8FDJWLldnIrvqf1xMR-Pm0So1XTn0_P7ll2YhRQy0sHQjRSInjjXK4PEMveGxjiEEbldSsO9GN_8ywK2GwgcQlmEqhbayaplBQjofCw08LEUwDtWVXcqhh_2Ek0_LigV3gpNBScVmybB2TemdpLJtmvZMU6_Xu6DAU9w84VcC8VTryjuxv8QnrdIvrwRr2hQ-EMuHU6z3oFEEolzvqCf3USARvsYSnhaEOn9_FO8HDAPBtQYCzCFB5S7PHcxdw7ieskLXCxv3dAKPYQnCVSVhEemc-Wo0hEs7J7h298UywxWcwtjGpQImd5NtS34UHhu6n74bNFgCxXdek70G3CtcJG0dusxEEOFcenT9NxBOmftC9IvhHkaHseEH7AlnP3MtZA==&xkcb=SoBl-_M3MPXGkwR_hR0IbzkdCdPP&p=2&fvj=1&vjs=3,Mr Tyre Ltd,Shrewsbury, 1 day ago
3,Residential Children's Worker - unqualified,https://uk.indeed.com/viewjob?mo=r&ad=-6NYlbfkN0DB_AEPfhVbEUcrPyvjn0F7d1K2zDyKWS0WKde5leQy6Xut_lixNjycO7Vm6DPQ5wYbMhd5zSnNykmLeXI5bo1xsuogwqb1_hK0xudJ6ETjKUmLHwC78xuKrZ1L5nxpQ7Gh6M7iq0LXjaJ3ebUXLEFIE55EpVfCdDaW2TVNecM2_6Tu1Goh5XjUM61vgMfv1MFzY_K9lZ-PdoVJAdu4S44CPupN_vkGqKPz5r0nu9fC4taKMpWI92op43El2j5FsK9hBvOdAguBXTtwqvYB5z9tTyajDZOHjcuxoXPFQ6s5MFjBkTFcUYQQPdN1je0WjuqBNYfVWAnbBUC4nQoywOj4Ipg29nbVSY71Cjw68BQBb2jH0KyOYDGud4yB3eHhUwPsWYdqUJJ7As39oV_PANkAULHhfYcq_GOGp6dWCrbTn1Yei8xM9WHRTf78W2dpPlM7klR6WU1UTWse6XopVneuxo8b5fWibOHuXGeZoi5HlvUI1qV9QPfpPck4AWJy6BxmMFPrTbkje1zIY6m4tUAtu3v76dyf_-g=&xkcb=SoDr-_M3MPXGkwR_hR0PbzkdCdPP&p=3&fvj=1&vjs=3,Prestige Adolescent Care & Education Ltd,Whitchurch,Today
4,Youth Justice Officer,https://uk.indeed.com/viewjob?jk=2c4b374111973c48&fccid=6b5a1bc0a207ee91&vjs=3,West Mercia Police,Telford, 1 day ago
5,Children's Residential Support Worker,https://uk.indeed.com/viewjob?mo=r&ad=-6NYlbfkN0BzY-H0M3xJujRijrUAvHbanyMNzL-uNWpAbQAthF0XpEOQyRoIEDxGGsXNZFoEd-judotxVXGP-FcIQK7XU2oq2nd7ii5LAgSXL00JP56cctL6t1FRExYGeng14e42tXzgPbBVFp9o5jsV52p7W5tRF45zq65A-R9-XEFjPNyRwj7NKKz6WdRcKPW3LZcso9mxuLBpzFlyirX5GGzjZBqkqnn7Mx5kra58Ye1KYmKlc4giASU8W3wthHvveW2SrZ-VZotTIdUCbhI4TLrRyOsQK-zIps6Otv5X4AAFghqI3OKaLdt2AM-NldgUoneWdXzV1rtKK5YYXipc24PC30eR37WrTBvAMYG2o7VcM9XVsrzoKYJsie74OpzIRcCkDlXhJjdNz7KJhSlR7qolgprCR10qr0HoFV_-8hOB-T-3b8XJguvANy8GVn1hkLHnPONSt-2m3kN9mPpjsaUjANkyv0tPAmsTPwjbg5cJ4ExTW5qrkqheDX7xVPtcJJz3uVD6UAckk9iRVPVZdphKjaEh&xkcb=SoDC-_M3MPXGkwR_hR0NbzkdCdPP&p=5&fvj=1&vjs=3,Physis Care,Whitchurch,Hiring ongoing
6,Pharmacy Supervisor / Team Lead,https://uk.indeed.com/viewjob?mo=r&ad=-6NYlbfkN0AuI0GnmuLldy2kaz4XBIUgZM_Wxe_y-LATokPaLOOMgyMG-GAs673M4BossvbssgJSq8PMucVq3LpdjUJbbYXPUC0JX3ATKgnuDOFPS9PbihJB0jwnWKki-Hrf6_I6ZDR21BIoBt2zEbkZ4TK_1UxIRruKWO06HUx1UUgF6ZZ2e3FaEVPjaaYq3EG0-CUFWgSTrr4siY23_1yXm4subrDf3VP6RgWMpUHBE4Fn43KQMnZmCVo5RB30fYvK-KR-wRgUxs0DAeBMVyhPpeJ6ifRW-aYmjmb_dcS84kKHSsGq6TC5N55k4IptXZKr3NxC8dccvGObIehrG3urGmVONYCDsvG0UXKcu9WB1AC2ikirSRr5o1OZ-bfjH8RjTGWltDyb6Mx-xqBGlY8DGGMRvSrpJJziZ618zcao4ocQfrM_exF0Q75N1MCDIfPCFT71sZT_e9sBiU5th0MrHsNi9ai--mZuzA8JUYIw8K9JQ00vJ53OEFvqCJrbsCaaw-5gW7IB-AXKqHBsvzMnwV4frtw_&xkcb=SoB2-_M3MPXGkwR_hR0MbzkdCdPP&p=6&fvj=1&vjs=3,RJR Chem,Shrewsbury,Today
7,Customer Team Leader,https://uk.indeed.com/viewjob?mo=r&ad=-6NYlbfkN0CJX1qlD2wkvFlorwK9yyuE9y0j35Dqjjwtc-1AiC_tEN5Ahj3rsIJzpr0qeOYrdzFiAOcbMQ5Z8NhpcXBrcF4iUpw6qWikY7lEcFI_3GY8eaAi754VxJDJxjwuzPM2cxXR-4I6imQd1uPIMfDdQGLkcB7fe7wTA-hhnPYarvDR320NogKdiJOVtC8HJSINaJd35q3VBk5Wmc0NPYzZFlDTPlrkiGphRn3vvXhYTXfEOff7yyXGlFFekIcOaulla7HBoT8M_RT7mfX-SpMXVubi05EIZFrDfsB106wrc0e2jNqsRWWfwplyKrpFKVAjkxyfLsFavyTLSyvkY5hpWp1zgZ6DBiwLyz3VLTajhkXbMWwS_b9TpEJ1pzkuIWMZ0s5fiBZkUW9hQrDBLFBxdu_dv3WdrSdauHGpgtchJi8fT83DZBdKkVARMPVZyaHuWdU=&xkcb=SoCf-_M3MPXGkwR_hR0DbzkdCdPP&p=7&fvj=0&vjs=3,Coop,Broseley TF12,Today
8,Medical Records Administrator,https://uk.indeed.com/viewjob?jk=fb26641d596d3713&fccid=3aca82fe33580650&vjs=3,Nuffield Health,Shrewsbury, 1 day ago
9,General Farm Worker,https://uk.indeed.com/viewjob?mo=r&ad=-6NYlbfkN0Bb6BbNWT7XUba1zzcKamVhK5gXvq9uRFMKJcPQBtxVPJ2_Bdn1-U6TP_PYjnuECpvgeosVBjk6FaHZAmC1E648zAPCEMW1a4VdlP5S8OUIVXcN26DMeDmKPByq94F4S0EfPcIHOKW4NTPK631Qo2PoDKnRdRqOP3DJtPweW8h4RR363_RZCJjG8xz5wOyX46CCbyBnMjuGk5BX3GcTiNyFNJQBUYdh807ovjlMjuiZ_P6Qd4O0jyRw6ZnphcwqUnVqXedZJupjLZDzIYMj_ID4oTTGhsmTXNKQAB52QtKA7u12RKtFFgHeE6pNk9zjyJyX0WyriCWb4km_16Ow9VLl36wS3ApJa_lvbgSa2IReQHIOB7G9AxlomwU00ubfQuKmiq1Ghl0sPdyPyh7lFb3GI-mb7pt4FO2M0qPfRpWsztxn469jGZMoNJIIoKRu5QNxvyLt5wVcl6PC0ibavsdRyLhDE2Hwpp8QEM2kQg-LYCQy-PmLuQXGCX2T2tMQJZ2hikH-RuFxOw==&xkcb=SoC2-_M3MPXGkwR_hR0BbzkdCdPP&p=9&fvj=1&vjs=3,Dale Farming,Shrewsbury, 1 day ago
10,Sales Assistant,https://uk.indeed.com/viewjob?jk=0ff0cba09030da63&fccid=2706a9624c077660&vjs=3,Topps Tiles,Shrewsbury SY1,Today
11,DELIVERY DRIVER,https://uk.indeed.com/company/A&A-Subs/jobs/Delivery-Driver-450827270cfe43f4?fccid=3a2960d581540e87&vjs=3,SUBWAY,Shropshire,Today
12,Administrative Assistant (Full-time),https://uk.indeed.com/company/Oswestry-School/jobs/Administrative-Assistant-c7658da19145b4ff?fccid=d811208912b1b557&vjs=3,Oswestry School,Oswestry SY11, 1 day ago
13,Customer Service Administrator,https://uk.indeed.com/company/Nwf-Fuels-Ltd/jobs/Customer-Service-Representative-367a6ccd301c9519?fccid=812b39410a1be74d&vjs=3,NWF Fuels,Oswestry,Today
14,Security Officer (S),https://uk.indeed.com/viewjob?mo=r&ad=-6NYlbfkN0DAuNWN56ZMSzCo5HntiQ_D_x1Guf76ifd0nwL8yQjOG9fqC5IShRBrF5XPBrpEaR4nF6LWsdzEG1hJxfyeEStLaoOjxhrdvcKMrVblBCWgBIetFYBtB5kSJPJP2x2ZfB41ljbScOfm6ps-uU9e8zoNXwAOVguSyneHjnM7Nf0cFG9pdS8qNsDWQeeiQ2SugWfZqk_yRnLTuSk3CFGfjmc_NfXqGJbAAZKwiJRRNxN1c10QIgwvag8ec4Fz8SNeIU3sSv2v1hAZ_H7xriymjs2RQPrpVYw1jkPI0HUV2h4hexXTuxG1qUEl-sdxhnDdic8GABzOTljNaRQplSbXFzyb6dxhDPfqbqm4f_CP1620eiq0bbsSKv7tcPC0UoGj8jj0149GxvgkRubk7zKePgr6P-8hAyioUHnU9YKsnLX_ViLa7nxjaw2GRR4PICQvEOELM4za1sTPpi7VEf5UGKzK-0lC_-d_eflxT7RXMfTvOkvrML8bzG7vjoSOMGdfnRd3m4rYSkTIfA==&xkcb=SoAR-_M3MPXGkwR_hR0EbzkdCdPP&p=14&fvj=1&vjs=3,SmartSec Solutions,Shrewsbury SY1, 1 day ago
15,Customer Service Administrator,https://uk.indeed.com/company/Nwf-Fuels-Ltd/jobs/Customer-Service-Representative-367a6ccd301c9519?fccid=812b39410a1be74d&vjs=3,NWF Fuels,Oswestry,Today
16,Veterinary Care Assistant - Lawley,https://uk.indeed.com/viewjob?jk=62738139a439f92b&fccid=71b4626b2c9629de&vjs=3,Medivet Group Ltd,Telford,Today
17,Technical Author,https://uk.indeed.com/viewjob?mo=r&ad=-6NYlbfkN0C8cmohxD4QvGw19qfQJv4oNbJTlJB68ixuZD4agc2o6BIab4B6iXqPqXZXZRhFX57yQGwuyqBlrEUkdY_bJ2GN7p1I6NYcy4QSsIYlBRmpkDcg2amo4His6uFFloVCeWgyjxgrrc-lJC4vB21zGk1wNvOyZQm9lJAw8ZI_JY2wPhNNyc1W2bAnDYIT2mR8WSzwr8k5rSqQoAqdBfVBCaOTERJzL4zFzHoLEi1bu30w8dd-t-teXYU6Bk3of4aQZm2R1Mt2V8MpsfHb_qy7AppVVkNJEbAHyUyhuhM-MWB5lYQkNVhISbhlnPrNifSXm4znyW5FWqzQfP5M8vmf25-l6CihJvMvNPssYW2TcU6DdOAIsnTC_2Tyq2gS4g6BVw6Y7yvQoU5uWUZD-vhwBXdYNGsK6x54pIoffiDRiHTKY_eM3MnnOq5xHDFCC3_1js7jJpe5bIyajbuIMbaYfxkT1-RC1OSjdLBr057e7TNsphX0J-Gq2fdnzjXf3GmeBji0ZuUzRWA6Vw==&xkcb=SoBP-_M3MPXGfSSS5Z0JbzkdCdPP&p=2&fvj=1&vjs=3,Upstream Solutions Group Limited,Telford, 1 day ago
18,Legal Assistant,https://uk.indeed.com/company/Ellis-Jones-Solicitors/jobs/Legal-Assistant-fbb83655c0caf4f4?fccid=fd818faa227f5939&vjs=3,Ellis Jones Solicitors,Shrewsbury,Today
19,SDAS Senior Support Officer - Outreach,https://uk.indeed.com/viewjob?jk=7e68a53d4759e7f5&fccid=c089b684fb72ef0b&vjs=3,Connexus,Shrewsbury SY2,Just posted
20,1:1 SEN Teaching Assistant,https://uk.indeed.com/viewjob?mo=r&ad=-6NYlbfkN0D10ZcEV_vBxG5p95crueSmPrInWIgcwz3AYKV5ZgQh3fuZWacWIZCEN1GPV4XXAzngRftfziyjnLhfe89Q8SBgtVGYGm6Z1lgc2V7d9x7-HVXrPtMWO-SiWleyYN-hPSKIB_sDTUdKwnCq1Th646xll772AglezFhBwsHPWACE-koArJ2BiSu7dcGrGAzqqzBpXqo6YJYqahAydl1Ico8GV8czfXues6mZeqw2ub4iamL7C-i_A_IgJTJ8DcZM40VLnzzu0HY3ildI3_MtEv7RcBUqyYJ6NOQw8gdQFNT5J3Rb60lBLPbKc9n2XQ4WQQajyj-MJvXv0NTdsTsTX5xIWoWGIbB2MpAJPVL7rsA-TLrelSEJLGkeai5olp6O9RuRoyO14e3d-RM5CnxUL1MQDFtoE7wDLrgC1EB3lh32mxZFyBt5kK7BBNSSHYYG8e-rGgUcMFDvKZBJs3pfsGKFf8atQ1jICFAB6amIdJBv1YCydZbR9BKHhQJlarQv6YlSjmZDyDELg0N4dmeC0SuP&xkcb=SoDB-_M3MPXGfSSS5Z0ObzkdCdPP&p=5&fvj=1&vjs=3,New Reflexions,Shrewsbury,Today
21,Psychotherapist/Art Psychotherapist,https://uk.indeed.com/viewjob?mo=r&ad=-6NYlbfkN0D10ZcEV_vBxG5p95crueSmPrInWIgcwz3AYKV5ZgQh3fuZWacWIZCEN1GPV4XXAzngRftfziyjnOUn7VGkGg0c8ZevE9t653bo2VDVzsdvTlFM_A36U8pm8mt6l8Kb_H7b-F3d1a04HLrrBUnyEmbCTtUFQzcFB1P_DGKfgCHwICrIBuRpG9vgpIWIozf9LJcGE_K6r1dUK_r0THaTV304pw1tzC0rkk9aFXykqDihklTcsxrao1huYxGAeSVnKOZeST59j9ksrM4ojmoY4gsq-8OpBjXrR_0k0ofQn3rfxd4H3Rh74VHZbCtICJLWvr8CojqERxBfwGr_eeM0bb_eiPGzyzD6kcAPOOUrP8jUIY7msNN_hVuNVOdSyMg7rlhFseZFGnaJbRBQGq1ZWs3MfYMVTF0kqqw7xyQYyfZMpDyFG2QLNXr5Ny1Nt1_-mti7LLIV_vKm7BaTCmYpDPtkos01mWj043o9jjgl3PWJUmvoH36n-c3sP3TsBrbus8Ghfrx4imUxK0pCTPf94Pjd9fZC2dbwoebzoZbU5wAFCg==&xkcb=SoBc-_M3MPXGfSSS5Z0NbzkdCdPP&p=6&fvj=1&vjs=3,New Reflexions,Shrewsbury,Today
22,Office Administrator and works despatcher,https://uk.indeed.com/company/Dynorod/jobs/Office-Administrator-07bf5fc30ace82b3?fccid=635ae175fe9c2951&vjs=3,Dynorod,Telford TF2, 1 day ago
23,Quarry Operative,https://uk.indeed.com/viewjob?jk=54753847775554c9&fccid=50cd062a886837f7&vjs=3,Breedon Group plc,Telford TF6, 1 day ago
24,Sales Consultant,https://uk.indeed.com/viewjob?jk=6b6a8f5096004b3a&fccid=54473fdf887d42ee&vjs=3,Bensons for Beds,Shrewsbury, 1 day ago
25,Order Co-ordinator,https://uk.indeed.com/company/Caviar-&-Cocktails-Ltd/jobs/Production-Coordinator-15bdefbaf6f413f4?fccid=38db52fa29a4c000&vjs=3,Caviar & Cocktails Ltd,Shrewsbury SY1,Today
26,Senior Care Assistant on Days,https://uk.indeed.com/viewjob?mo=r&ad=-6NYlbfkN0Bi9fSdG0Uw0dKWw-XNg66bsHUwSaw8PHd1AFMCg8ol6mE6Y8kpoQT6_7GaB0QTv7rSYJ0vy3bMzdNaEfhbEUFINc-ECQaE1AEA9LRdgTWo4R6kI8-r7MXsM9w_m0lowpsQawHdHBFGtptZqAKcfTTpWIVrXxGv2HKlZqfSPIgb0RLaWUvV9TY0RuoIpefvD3I029724OT4qS4Bjm4DoHhPcF_pOSw2zUJ_tWP-nEXwkxFjFsNHA1Soc1whdzIKSJnRvvzXJQFX409CfUonz68Njuj7WY2Ji44fGgDkOUnA-CToVZ81Xihy4rVIgHrdiYC8vxJxLC7fTLjJrdqxGtYXdM3hYIMojJ-3wno9fDP-S2-t9X2AhsPqutQq2Zd4elRLMRt42yuxGBnvHJT-Xt6-4F2xpzLAtxkmXvo3XO-q1l89pnR_vptZRDaLj3cqxHIyATW0e3eB9dfYMSBiFLPQOmr05T4iqjH_V5v7ZYuiX6AkBYLMKA4IHDIsVSuS3ogopckzyB6PlxVscaEMs11-YnQFNwRrboyQjYxK3wrXHg==&xkcb=SoCc-_M3MPXGfSSS5Z0AbzkdCdPP&p=11&fvj=0&vjs=3,Ideal Care Homes,Shrewsbury SY2, 1 day ago
27,Neighbourhood Officer,https://uk.indeed.com/viewjob?mo=r&ad=-6NYlbfkN0AE6r8UI7JY7CtI_PxWiDFd4Ji1yROTSp0pLR1iCxwbUUuFJNXHdMqC0wLOWADemDk2I7xRtFvFV51E2jlwebx5TSRxyP1_Cyv8GEsXmhLNzP2aVMpkFGWv0mjiCKPHeBgDopmp6KyNRcvTBnE-ZWHqOg2YzdwnrpcYv335xOlfhdiROqTiNhIbrBe7nuuXKZusTuSNzMG91zMtf9M4UQRdKHVosihpQ2qZJdEC1ZQ7ZrcNMqKl1c15kmbmZnYGLS4UL9M9jlOCPUX1YFoq2uZABgc-T1k5G3nQeGtGENvk1p4vrlNivV-61rgyjITkM-4MbNhZN7bUEF-ScKmPj-Pq6_hWLVTZTPNvYugejcC6ikVfRjMgY62hI0SVNkHe7RU-DdJ5SCrGzMhV17jRrIZkbFf2F8a8zLJWN2-aigiyWU_cHjf83EVzddUZsrhNx1cHdO6FBHvUviLvQt4KPSFTeWxIFN_QobR05lgK5ADZDw==&xkcb=SoAS-_M3MPXGfSSS5Z0HbzkdCdPP&p=12&fvj=0&vjs=3,Joshua Robert Recruitment Ltd,Remote in Shrewsbury, 1 day ago
28,Executive Assistant,https://uk.indeed.com/viewjob?mo=r&ad=-6NYlbfkN0Avb5NJDT3DHIJ90KHaLIcZzqSNySOC7MDkjmNKDryGlXN0KYJylkPSjH60xsHgeKsyV7lLelSX9dPcd-A0UwhoAcSI8G-PFx1CzZeobOzdjVUaqZYTOsR--xB1yGNY_rNTFY0GcF5lZgB0gwGNISnFwk-qx5u-VQQsqekDiRME7Ubrxvm194hQu3VcpNAmFIp0hPVp8IeA0KE0xGJbsK-mfOHbd0sht_wrg65rhxtKIRjtVPisnbtuBnSL7AoC44nLUIw10YL4EfpG9STSc8u-q2SlxFluKOU19woIm_-7-tSdgDKrzMNUgPBmbP7lEYkwzQNGiFSjtFGmzgTnxDKnVgRpJKEjYhLHFhfz-4YvHGK-wr16nfhOB0ZXPNQCl0k6Poh19-aX7iZTL90CFl8l0zGaO5An57IC1KEfI3C4RRzVRyhLbWKGTt7C645YHT_PXBu1hZqN2TypKTpqNSV30HgBWfyiTm4iGCT1JkN7kkBuSXSpa2YtocPZtUiJ22I=&xkcb=SoCm-_M3MPXGfSSS5Z0GbzkdCdPP&p=13&fvj=1&vjs=3,A2R Personnel,Wem,Today
29,Warehouse Operative,https://uk.indeed.com/company/Calfire-Spareline/jobs/Warehouse-Worker-5fc430d31d8bbf64?fccid=ad1d845df4ecbbea&vjs=3,Calfire Spareline,Oswestry, 1 day ago
30,Barista Starbucks,https://uk.indeed.com/viewjob?jk=e19bcbe92822fcf0&fccid=fbd719e4a3f43ae8&vjs=3,SSP,Shrewsbury SY1,Just posted
31,Night Care Assistant,https://uk.indeed.com/company/Swan-Hill-House-Residential-Home/jobs/Care-Assistant-7cc5eaa27adafcbf?fccid=caba9234f5d6d5f8&vjs=3,Swan Hill House Residential Home,Shrewsbury SY1,Just posted
32,Executive Assistant,https://uk.indeed.com/viewjob?mo=r&ad=-6NYlbfkN0Avb5NJDT3DHIJ90KHaLIcZzqSNySOC7MDkjmNKDryGlXN0KYJylkPSjH60xsHgeKsyV7lLelSX9dPcd-A0UwhoAcSI8G-PFx1CzZeobOzdjVUaqZYTOsR--xB1yGNY_rNTFY0GcF5lZgB0gwGNISnFwk-qx5u-VQQsqekDiRME7Ubrxvm194hQmZvQHsn6R-WB0ML5OhgwIU6EF9TogVskMlG0PySUHZj2ob259o1pHKnCIL6CSzwoTC-sSaAm2r7mJdtleXeWgAGYkveP80l4tci9MLsentmAtlAiUfAEkP_ttZgwDYx0k3LKbI6s3VxaNQGiod6FsUm6BhRf_O3fy9lsNCe24JhKdZ_WpPcFeSIESMyjexYecPOL7Azhr0KXPCXEnh60OvjkZEUfKHEWkfyRK2KLsEi8ZEWtE1BBwngrbdc7olsI9qckxtjErE8pF_VY-ZOyyk-GbniZ-cuXMjIVfyId5Nwz7z5TBSgqqo3rR7xCU_O2RNE7KrXKePE=&xkcb=SoCy-_M3MPXGKtxuXp0JbzkdCdPP&p=2&fvj=1&vjs=3,A2R Personnel,Wem,Today
33,Psychotherapist/Art Psychotherapist,https://uk.indeed.com/viewjob?mo=r&ad=-6NYlbfkN0D10ZcEV_vBxG5p95crueSmPrInWIgcwz3AYKV5ZgQh3fuZWacWIZCEN1GPV4XXAzngRftfziyjnOUn7VGkGg0c8ZevE9t653bo2VDVzsdvTlFM_A36U8pm8mt6l8Kb_H7b-F3d1a04HLrrBUnyEmbCTtUFQzcFB1P_DGKfgCHwICrIBuRpG9vglI1VszXfcSuoxly2q-GuPWhY4HM-ID5LOujlh-8yqd6ae43eqZg2QtjFROyTJrtCslJGmfAL5WERXQNJYdsNyHqDo4z4gJVa7F0u-MbMebbxnkkbHyo4uXu-ZAAGeebLjTklYnKVS3Y-6lC-G89f6wi9onmt6tTpw6XzSP41PaF_B7hYm6VsLPxZQkOctIU7CTlzyrBjRA6wfQS3lS3Rzi2x3fDyz1M7YOryt-uC-OgBfP-PLBKeBisD5iFnaB8xIo_Qyy_gbiXVdIB5YHRGkp7FMYwrdQ2b-esk4WqC37CmiThGQCZ9Ej0tSqyt1Xv-wfw4qb2vd8lCLYJdu1LrSJLN8tZIPGbtQEEPo9erH5qAMO1sMQLGUw==&xkcb=SoAG-_M3MPXGKtxuXp0IbzkdCdPP&p=3&fvj=1&vjs=3,New Reflexions,Shrewsbury,Today
34,Extrusion Operator x2,https://uk.indeed.com/viewjob?jk=1d3ab14fd33d53c8&fccid=e94150d68aa9c712&vjs=3,CeDo,Telford,Today
35,Product Demonstrator,https://uk.indeed.com/company/L&C-Employment-Consulting/jobs/Demonstrator-478a0b5a8fc53995?fccid=4154859662b163ee&vjs=3,L&C Employment Consulting,Shrewsbury, 1 day ago
36,Roofer,https://uk.indeed.com/viewjob?mo=r&ad=-6NYlbfkN0BL9L-i8c9fADMrO7N2T58mPVBkew6Q-MSCTfPGr_n1da6BtFBQTTWFn1QPMIgCKRn-NkPCvjfuyr-R2yGPdrWOJCX8_VkjMtD_-Bwt0bBd6WCybmzZ2J9lnW-TzcHCbar0QAchR4LlyiScq9weI0Wnj7TOORI7vN2GM6M_kaN_reYSID36MdD--d5rnaqPsbc2ffaz8gIxd3ujB7wpowFf6wSFPLEp_qqJT1k_sVSMtF5PXlmcLcJ1h3MjhIngh2tZyqBkH7V8xiLqI07Ssjj49LQ_XrEUQvmGQjAIvegWhlrgHKxwhPtT7N6SvEpuzGj4vDCRlswRCInaaxGJ1GRw-qU2oS28oajDefZQYShuJhArHdn_XYuYhxXMiWFqBJbipuLHCLFcIMnYPdPWFtSbVl_4J35zfz0Z9-viK2xbeaI9LAfKm7zADF6YIQlRicbzklcZYR0GDNqQonQZCF2qCnOh_TuJPx1NZKpTttIVgrTF7nb0ieZN&xkcb=SoCh-_M3MPXGKtxuXp0NbzkdCdPP&p=6&fvj=1&vjs=3,CPR Recruitment LTD,United Kingdom,Hiring ongoing
37,Neighbourhood Officer,https://uk.indeed.com/viewjob?mo=r&ad=-6NYlbfkN0AE6r8UI7JY7CtI_PxWiDFd4Ji1yROTSp0pLR1iCxwbUUuFJNXHdMqC0wLOWADemDk2I7xRtFvFV51E2jlwebx5TSRxyP1_Cyv8GEsXmhLNzP2aVMpkFGWv0mjiCKPHeBgDopmp6KyNRcvTBnE-ZWHqOg2YzdwnrpcYv335xOlfhZZsjkaTB6fbtbmohhM4r_sL20nDZazCGUYQSxX27lMJtWSsFAGyndayJM_uLc9_9kZZgEGlJUt97ESoqKPLIIQRTkcIhroFUrK46JTR1dO1IeUdv8EnbjOKe8j6JtsYLzsAO8t3qi2kwqes16-iUQ3iPazjS6D9djZkH02Wxoc8GBlaIlQvHjn1kcK12VhgqVbzJ6Pp7brJMaJ7oGeXViHj0qiCF8JXtfSr97r4X5zDAnrfj4KpQQweBJqb31lRb8cxYf282VRtk8m7P2Fu32KFhPLJoZanAISd7AX3ISGv8hKyYhLZjRn-oLu2eiaQQA==&xkcb=SoAV-_M3MPXGKtxuXp0MbzkdCdPP&p=7&fvj=0&vjs=3,Joshua Robert Recruitment Ltd,Remote in Shrewsbury, 1 day ago
38,Healthcare Support Worker,https://uk.indeed.com/viewjob?jk=5b07b29de5dafe93&fccid=7691ebb71b24124c&vjs=3,Midlands Partnership University NHS Foundation...,Shrewsbury SY3,Today
39,Domestic Abuse Support Worker – Male Applicants Only,https://uk.indeed.com/viewjob?jk=1e50829c03f41d9f&fccid=c089b684fb72ef0b&vjs=3,Connexus,Shrewsbury SY2,Just posted
40,Bricklayers Labourer,https://uk.indeed.com/company/James-hunt-builders-ltd/jobs/Brick-Mason-01bb0a042b6bc4de?fccid=c28fca95af2811cf&vjs=3,James hunt building services ltd,Shrewsbury, 1 day ago
41,Workshop Controller,https://uk.indeed.com/viewjob?jk=f10d0155e602a262&fccid=2b12d3e51a3ab214&vjs=3,Inchcape,Telford,Today
42,Domestic Abuse Support Worker – Women Applicants Only,https://uk.indeed.com/viewjob?jk=9f84b4e13a79ab87&fccid=c089b684fb72ef0b&vjs=3,Connexus,Whitchurch SY13,Just posted
43,Part Time - Children's Residential Support Worker,https://uk.indeed.com/viewjob?mo=r&ad=-6NYlbfkN0BzY-H0M3xJujRijrUAvHbanyMNzL-uNWpAbQAthF0XpEOQyRoIEDxGKPhauWWi-WymUcfmT1e1x7sV6TPaGTUDY4dL1RbvqomySPtCoLMDW0-bmHIqOm0ifyzIOSFmjnZ9cZFr1TMzF7O9Gy3gl3n9_ePtmIx2stkpmNnW64wo7_KstNThESoMqp7GaGA6vvZwc5EYR1fCl2F7WJiJ5hSJ5mh8Bq2rCM9iGLk5KbXDpwV4jfPSbc4Ma7w9baudDk5b_ohgTkH2T60iXROaFu2vR9_8HZKEXLfGUFIldkuuED-f4p9e_G3NtQv-u5y0ckNcxXuuibdWADlYx43X9gPwO0GQ_4KfKCWIEsxHRICaM9Y8N0YnSx2ktoGGqF_NXBDd_3pi7F1FsqdjibUTzPhfJYZIuPZ1e8QBwLvLL_awPEghdhaEIbt-J3pr0ABsXHnOCKiO0EofqAiKyxpA-sttYA6wSTBr51ns3hAUH5iCrV47SE29cT4UU-iQGKIuhoJ7TKNHx262RZIkVWPAWkgbL0TnlBiScmlIkw97NLg8ng==&xkcb=SoBb-_M3MPXGKtxuXp0GbzkdCdPP&p=13&fvj=1&vjs=3,Physis Care,Whitchurch,Hiring ongoing
44,Higher Level Teaching Assistant (HLTA),https://uk.indeed.com/viewjob?mo=r&ad=-6NYlbfkN0D10ZcEV_vBxG5p95crueSmPrInWIgcwz3AYKV5ZgQh3fuZWacWIZCEN1GPV4XXAzlZxHONGkqEJ-NkwSiWnoGWnvqjhuRuJy6aik2yoDkSa7SNVIpZA18FK3VR_MWD8GKTK9PSSiO67IRiG1ANIdch8HUsgnRuuozNhIeEnhyAkgbtdDlwhvnhhWf8ztK09HZKwuEdkw0VVp39E1Dfzxu_-eqwK6a8gZUmMSNBpkZJdh_sAOyw7wLGySXXu256bX_kmKibehplD9G8PeIA5bPyLykb1T0S0rmwpQeDtJSlUm2yvJ5zH3mMRLnnPBLmStSiz-xncC5yzZmNgenEp4udc0K6z1gdXAXxaE7GDn8zMHvLlddLQvWDPFH-ToL2YbAkMyu668KkJJqxMQVXoeHbsBP-P73K0ENMQzsKWsHgdyRENSKuJS35CcitXQDKMfU4v-JE-mphnV0IqzfigHmbnMDXSrxIu1uqjdfz-i-rYIpMk5vCa0aJwOwWCCSbx9ET0ezjcDl5DthYWaQn2k8zicT-QgF6Yssm3bkyYrESPw==&xkcb=SoDG-_M3MPXGKtxuXp0FbzkdCdPP&p=14&fvj=1&vjs=3,New Reflexions,Shrewsbury,Today
45,Nursery Assistant (Relief),https://uk.indeed.com/viewjob?jk=083845def55051f5&fccid=64bd20e246b58000&vjs=3,Busy Bees,Shrewsbury SY2, 1 day ago
46,Guest Service Assistant,https://uk.indeed.com/viewjob?jk=a6f4f21a2194a828&fccid=62a77ef3071afff3&vjs=3,Holiday Inn Express Shrewsbury,Shrewsbury, 1 day ago
47,Grounds Maintenance Operative,https://uk.indeed.com/viewjob?jk=b1515397fc1244c4&fccid=2b7983d6b65c6b71&vjs=3,Mitie,Shrewsbury SY1, 1 day ago
48,HR Advisor / Officer,https://uk.indeed.com/viewjob?jk=3a08a98342eec44e&fccid=4ba9707455cf5670&vjs=3,The Wildlife Trusts,Shrewsbury SY2,Just posted
49,Neighbourhood Officer,https://uk.indeed.com/viewjob?mo=r&ad=-6NYlbfkN0AE6r8UI7JY7CtI_PxWiDFd4Ji1yROTSp0pLR1iCxwbUUuFJNXHdMqC0wLOWADemDk2I7xRtFvFV51E2jlwebx5TSRxyP1_Cyv8GEsXmhLNzP2aVMpkFGWv0mjiCKPHeBgDopmp6KyNRcvTBnE-ZWHqOg2YzdwnrpcYv335xOlfhRjl4fm4bPo4RPIu7nlnnHRWyOmB-fZaR2q7b0HFZrgrDIPmqCgSkJ3Be7lSfz9A75d0SjRhRSS8JU4_XEv8HaD1GQdMGFt1djUNmG6rDox_ihyDTs1XnBdmfbhhhsC9VCldmxxxx9iqcijXuEIgHPW_wjIP6j5JI2ujKiNk2OQYork_TnTGXaNa9D1vxuwio7Q3WVaOUHwUS4MszmNWBnB9x_iAto88FStH3T0F41gYJJkwuEfmxnB5V6lmntkMIZVnpwlBYqKxlpt414ECHfNca71T6SktDkjAjjUsMD39EN6czrS9XGRj0FywKJOE6Q==&xkcb=SoB--_M3MPXFhtwHIh0PbzkdCdPP&p=4&fvj=0&vjs=3,Joshua Robert Recruitment Ltd,Remote in Shrewsbury, 1 day ago
50,Service Assistant,https://uk.indeed.com/viewjob?jk=fa0532b69cba1a49&fccid=bad564d8ce491bef&vjs=3,British Red Cross,Shrewsbury SY1,Today
51,Claims Handler,https://uk.indeed.com/company/Towergate-Health-and-Protection/jobs/Claims-Processor-a37ea0770803857e?fccid=272e5b87e7f222c4&vjs=3,The Ardonagh Group,Hybrid remote in Telford TF3,Today
52,Higher Level Teaching Assistant (HLTA),https://uk.indeed.com/viewjob?mo=r&ad=-6NYlbfkN0D10ZcEV_vBxG5p95crueSmPrInWIgcwz3AYKV5ZgQh3fuZWacWIZCEN1GPV4XXAzlZxHONGkqEJ-NkwSiWnoGWnvqjhuRuJy6aik2yoDkSa7SNVIpZA18FK3VR_MWD8GKTK9PSSiO67IRiG1ANIdch8HUsgnRuuozNhIeEnhyAkgbtdDlwhvnhXwcNsxrhu9VWsQSVrfIN4hToMQWjoJePpnj7bxsBxpUI6EfUTA1hzEroUImCPSmGU1kRQxnP9xWWfT6Isv3ADtaWvhz3KyjW0MK5n2BeRNme7h3TietvrfaITK7gnLZh6N6wL0PUuOVZdhfAFsKDw-_O3ArmVpoiByPuz62enpGedwP_Wq_nsdsX1IBa9-IF4ADehPzbTMK2Kvq37fTdEZkygEfm5RU5Y_Mu8PGsDFoe9kfzdNRu-0qOu4qlJ94idNqe6LR1IdO0x98OjCUQybAv0SdrOlserJFdcJFf7KM1neWgTh9ARO2n3KkwlgsCEJUU6gZdKKIWSsY2l0qJIX4i1y2ATRrNWK7o3ht2BTKvD4z8sFppJg==&xkcb=SoDj-_M3MPXFhtwHIh0MbzkdCdPP&p=7&fvj=1&vjs=3,New Reflexions,Shrewsbury,Today
53,Driver- 6 Month Fixed Term,https://uk.indeed.com/company/Severn-Hospice/jobs/Driver-a8065a3e3c4cf727?fccid=d68579b9ae7ab3b9&vjs=3,Severn Hospice,Shrewsbury, 1 day ago
54,Pizzaioli / Junior Kitchen Assistant,https://uk.indeed.com/company/sourCed-Pizza/jobs/Kitchen-Assistant-3609eeeecdfacc2e?fccid=90f764a9fcbf6370&vjs=3,sourCed Pizza,Ludlow SY8,Just posted
55,Stock Administrator,https://uk.indeed.com/viewjob?jk=67d545734b334919&fccid=0f9c3715652e085a&vjs=3,Kuehne+Nagel,Shropshire,Today
56,Part Time - Children's Residential Support Worker,https://uk.indeed.com/viewjob?mo=r&ad=-6NYlbfkN0BzY-H0M3xJujRijrUAvHbanyMNzL-uNWpAbQAthF0XpEOQyRoIEDxGKPhauWWi-WymUcfmT1e1x7sV6TPaGTUDY4dL1RbvqomySPtCoLMDW0-bmHIqOm0ifyzIOSFmjnZ9cZFr1TMzF7O9Gy3gl3n9_ePtmIx2stkpmNnW64wo7_KstNThESoMf5YZkt4ky3K9DYvWkzNTuivHTUWZofUpzSKmqq3btM08p0nH7ao_pvIrYIvNklL_wpa7K8Vze-mw_jtpC9KSvWw9aXp9QFw-wzHwxjeI-RJBslHsdrYZ8HQQL__dneSV9aodJMhzlzj_XXEN1zmEfTzuKFK0LjB6rg8xO2LHvEMB4hGoPZqvNgvp9zX5wEZpAVMMjbraQoVbEotkYgySeTfsrVW1Pce6RKwl0dK-2VrrsBt3wfxpqcCBcw3EfX9qELfvj1Q8WJDOTYwtb-iSv0jaWdReqAUq-zZpqpPNPPysMJuKJ8HBJ6gi1Wt95ClP4F0MziMvDhuYnon-WqWx-BwWFFZ7y09aiQRzg_Zk6rXuete-Yp8_FA==&xkcb=SoCX-_M3MPXFhtwHIh0AbzkdCdPP&p=11&fvj=1&vjs=3,Physis Care,Whitchurch,Hiring ongoing
57,Leisure Duty Officer,https://uk.indeed.com/viewjob?jk=dcb36ada9eb5e6d4&fccid=2b7983d6b65c6b71&vjs=3,Mitie,Telford TF1, 1 day ago
58,Customer Service Advisor (Part-time),https://uk.indeed.com/company/Vivactive/jobs/Customer-Service-Representative-96186013f7a6923d?fccid=b7aec4b7542b755b&vjs=3,Vivactive,Telford,Today
59,Cleaner,https://uk.indeed.com/viewjob?jk=178fc01810530548&fccid=c55f4ad42cee2cd3&vjs=3,Compass Group,Shrewsbury SY4+1 location,Just posted
60,Customer Service Advisor (Part-time),https://uk.indeed.com/company/Vivactive/jobs/Customer-Service-Representative-96186013f7a6923d?fccid=b7aec4b7542b755b&vjs=3,Vivactive,Telford,Today
61,HR Advisor / Officer,https://uk.indeed.com/viewjob?mo=r&ad=-6NYlbfkN0Aw1ya_t9pZYLKr_ArzkpbJyoOJ8rRWwgTWsEsBNoniFl4fcKUVDE5TljKpekY2muQK2V4nRKbTV7iqem1jcDIk3608BhoI9l2uLRd4JYa6QfX1sra4_Z729qztiyUCggfr-KppxqFn-3pCTsf-dREXSVtMw0p5njaZqDlQPDREmiOoyT1skVJdTViXWPp1dt1GEgcXBNDkTF3hhFEhTS2dIVjca4KAy-wtLiL4ywVIMWof-gBD8YwG5lNzyTItyPv30bvHTa0dvI4Sa7cSJiZe-OxFgcTjnUqBdm3qZ0eDLyKOYYlaK0SZPq_36XX-yOcM0gvCQmrIW5ywZk2KAVOfg36sfOHbFO7OLKFHb89S9s2w0f4KeVIxEvs80ZjGMoxcPWaH8W-oUZgtd4do5H3f87OF52cyCl8UJoOqejq1Fomjk55UDp9j8DsjzvkfzQZF6CjSzCqAjQ9cgLCvaZ3Om1GfBlq0QRiiA0eQPk5OCoz1iGgCgM2eiY1pu_5Mjq_htUQZev0JSMg2VS55Dlglv8JdKX5oH9HYsUhgGj1h8h9zKVWW_3TmzQQcpYHmlxjmxbKdYM0Fqha_RytsdnkpfBgdSMyrX7DMV9QFZ6AmgbtmBx2KlZdDuy7bxvpp81qvYyo-aOTH_6b5jFZ2xgq_YTxlD1MJ6XEDA8IBY7GcAgNvRf4ajDbDkmr6hjScjXoooHxKLLOrmanHvnQ7jk49XdhIMOrblj8=&xkcb=SoCT-_M3MPXFaARuQJ0KbzkdCdPP&p=1&fvj=0&vjs=3,networx,Shrewsbury,Today
62,Greggs Supervisor - Church Stretton,https://uk.indeed.com/viewjob?mo=r&ad=-6NYlbfkN0CPSOaxAJjbA09CGNCUE6lWLZYZJEdGTzKb6hfqcBEUv4P_jqgSq7vbrWzEP1WAgji6VudjqdehzoyjbeM2zOwMBpCXaczVLFU12pMCPOvz2qOJ6mstMX70M-RfW1hyHujgStt8ajzW6f_Qus269sl4MK-erCJn1VUoe4J6pbBKCqgH01I3uLOYYFcCKr6qa_L_gqcaoYDqRlWCJBxAF92_ufC1S7fHkFLBj6TiTTXLSXYKkfJ0TepwhwB5xLFZbTzGJap8Q-T5xEZnoFXiGMRBvNon3GVzg8KmuGGrsZ1lvKOBoTY7hSNVIt_rh7f-TwhopXSZQwj3n5Q2pGvdf6uCwjXD8gM5QLdfw4LkKT8az5iTSi0KOqJXbVy_cJi-hLcqf_pMhSXyIpGeiC8HIK-nv9b8VIMH2EvGSDZMt3SKCtAUOKhWSGhSJUNYmY4Q0DAyT1CUsDAi9YY3s_4ixo32x6FRx0deOElJ6h8736176DXdlMHj9HOl1ZcxbZKmE6SweimdF8kwaGfFxX28oiMBPvHB9WKJPq0=&xkcb=SoAO-_M3MPXFaARuQJ0JbzkdCdPP&p=2&fvj=1&vjs=3,Applegreen UK (Petrogas Group UK Ltd),Church Stretton SY6,Today
63,Reporting Specialist,https://uk.indeed.com/viewjob?jk=7cb7daaa93de2f0f&fccid=c6eaff9e7b14e16f&vjs=3,Telford College,Telford, 1 day ago
64,Customer Service Assistant,https://uk.indeed.com/viewjob?jk=b01b09c13bf2472f&fccid=83c54f107901e1a9&vjs=3,Midcounties Co-operative,Shrewsbury SY2+1 location,Today
65,Waiter,https://uk.indeed.com/viewjob?jk=981c4e291e0fadbf&fccid=6690477579aff564&vjs=3,ASK Italian,Shrewsbury SY1, 1 day ago
66,Head of IT Transformation,https://uk.indeed.com/viewjob?mo=r&ad=-6NYlbfkN0C8cmohxD4QvGw19qfQJv4oNbJTlJB68ixuZD4agc2o6BIab4B6iXqPqXZXZRhFX54YBq7FXivobTHFlwWwx3o61yaamj90duingvVwFm2JTe37D53FMnuZmSxkPuWs2EySd-NQl6HuW7yuGLLQQrhscH3fcNe5tZWfxZ2HUp8uUkRi3fL0532UMP2rlkL8atjoUddIqe8wGkHqHiis1irlUGgAnT9uB0kTijZgUnAL1rSQ51hpfYuzSejzwSKyUmIOxXQukfD-RbL1RY4X07_amRs0nJrAHKbHfZdTMOnWCVdhaEQ36eBjFa10iOBZyOMvdD_ueAlft4WfGydHURU7lpr0dWZQIXWftZtp_ceAxqM4Ol9Chr1P99JrpYiH5ccKU9Mratd3fF80tscCEl3efS_i7vwuXwJaEjlSBDKqvWzo0tZGX_-vDV8tivHJjj4lOcmXRhAcWDYyU0gEoEwtUbThitMZ9B9qupF1izIs-44xZ_n798xDrDiBI9eCVBrm-Z96v2YFtA==&xkcb=SoAd-_M3MPXFaARuQJ0NbzkdCdPP&p=6&fvj=1&vjs=3,Upstream Solutions Group Limited,Telford, 1 day ago
67,Residential Support Worker,https://uk.indeed.com/viewjob?mo=r&ad=-6NYlbfkN0D10ZcEV_vBxG5p95crueSmPrInWIgcwz3AYKV5ZgQh3fuZWacWIZCEN1GPV4XXAzlZxHONGkqEJxcjlCQqip5kRKLWVxnjNR6zw7HZxZKO_OM9ne1Nqs_-uCtbR7UjD_gFc8VOW046EuilE2Hhntko7w39e2xSfpWTbNYVnO64cHlgQcEt2LTaiD7F5ZzAICjj4rmx3P9G3dyuFBxxbqWR1Jlohmo1Fi20cmS-BsvxMHYTFX4xNTMXIqsih5XuBr0cA-L6shJu4ucdi-lquigftTx2BTc6Zfle25I24RKxoxiya26-KQSUvRnvZYtJc6Xk2fY15y64Au2cyKzMklMyK6VJ8-G-vMT1CnRIhATIeusqrArEjJ_XxKB-OxWuvVUZLZ5bn-7tBofW6KIjWcbR4OQOGlzS5PYBwLFg2KXlZGN4L5YgTrkSdQID1CqSool69Y1zqMPpnWpdk4lb5EUR0vck7m-C7I6ckSYYT1IvJbJme_To4UhA5yBQPvUpwUVY4eMbRGrlrB-yhU0vrx4i&xkcb=SoCp-_M3MPXFaARuQJ0MbzkdCdPP&p=7&fvj=1&vjs=3,New Reflexions,Shrewsbury+5 locations,Today
68,Support worker,https://uk.indeed.com/viewjob?jk=c76fe08caec126da&fccid=917166a5ed733388&vjs=3,GreenSquareAccord,Telford TF2, 1 day ago
69,Pharmacy Dispenser - Shrewsbury Extra,https://uk.indeed.com/viewjob?jk=2e396492daf4cf22&fccid=e7de5238ae83770d&vjs=3,Tesco,Shrewsbury SY1, 1 day ago
70,Manufacturing Supervisor,https://uk.indeed.com/viewjob?mo=r&ad=-6NYlbfkN0D2rYH4q-SXdzb04JQdFiHRreP1ZGtRaHKQgM0wz7q9cyFvl6yEQfQOUJYgSFoW7J-1VVw7C3sfNc-urF_XiFjcySeAD3skyKUnmJsq9KN1oxOqeQiydkghiH8XzvNAsjQiT9UPGsHQlz-2S4Enfhi7acw6fM2CywwR7LNxXfU-Xf0j-PjSp_dpRY7ZxMNaqmku_Y0IQp-5KqkW9MjTM6nvfeQTkXRDuPzsMMgdxas7T1eYOujl7omtMkGIeIHsiDkyDZafini6wrDCC1SeluVRYfSKlUTbf_y76Xh-dcq-osFifLmT1P8U0x_x5-WGbgsiLTJaPGYc_cvAK25d-QN8Dc1Ck5A6zGUfJSjz1YWPiXBrok5PyD7I319UCKxY_MBlOKjgkZ78wDyKlAWJfMYAnfWTBaBRlQjAOGlU4QN-8Ori9cY6TToWm-8QAs0WL5SYSIaovj8YYad8ZGg-KNi6IzmloDi_3rMCVHlYGMxmrGdpMG9rrUw8rJfGCY342fhEfe4jpyLmEg==&xkcb=SoBp-_M3MPXFaARuQJ0BbzkdCdPP&p=10&fvj=1&vjs=3,Hariley Solutions,Telford,Today
71,Mental Health Support Worker - Days,https://uk.indeed.com/company/Pro-Locums-24/jobs/Support-Worker-36c589634de01410?fccid=4726a5bdc052a05c&vjs=3,Pro Locums 24,Shrewsbury,Today
72,Senior Residential Support Worker,https://uk.indeed.com/viewjob?mo=r&ad=-6NYlbfkN0D10ZcEV_vBxG5p95crueSmPrInWIgcwz3AYKV5ZgQh3fuZWacWIZCEN1GPV4XXAzlZxHONGkqEJ7pEYP8dA0gG3sq7IR5uF51sq0pheaSDT9q0HafHKS0c08js1h8OPH0QJiSFmDbFpVxUbTukp6Kdb-EolfGxwQFXSdmDVURt_qX51X3KXI8B6KBaLb0v7CuzQE7U7OtkD8cdvtJIuIxyZunwbsDDVvYzR2mhm4HVFvadYmMg6PSMzbuMptSFdl7NXihmlzcm10z_C6f4m5bKMkTe9dwKQo6pdf6JM1hnMDbulVrhkb2zmtLRB5D0j5S7ZeuzM9gEAW42PGWj9fZxsLf4IFrMw7mi49RTLkUI6ibrF-3hOroBMjvj3XtftGIU8wVtCZvi9fwAPzLCWJ4YSvp_KDahMREyKXakV9uvuhV5x7u0eoYggGs098T9tZwGi45-mVED2hW4Bql_1vwB-yNImamULTkDoV5Ox5NkEo-Oa0unSmR-cVzBhnACgUnI6PBEGA7n0VQYnxB595cuJ4UJwOwmAT0=&xkcb=SoBT-_M3MPXFaARuQJ0HbzkdCdPP&p=12&fvj=1&vjs=3,New Reflexions,Shrewsbury,Today
73,Bricklayers Labourer,https://uk.indeed.com/company/James-hunt-builders-ltd/jobs/Brick-Mason-01bb0a042b6bc4de?fccid=c28fca95af2811cf&vjs=3,James hunt building services ltd,Shrewsbury, 1 day ago
74,Night Shift Leader,https://uk.indeed.com/viewjob?mo=r&ad=-6NYlbfkN0A75YVKZpln4_2gcE6i7QlsOLXoI9Dq61mlm0oem6EuxMHdOpnG7R2muJb1TdmcD_DonAq8K-94VV00eUloQCzpw-_AnIaErtON76FA86Z5hjrWNVmaHmFLQMg-vpZDwUjS7hIi7Oji2VCllLqNveMLUfn4Qpi45mZBZ_JL2w5x8JPu4UnQFT6yoAhTvgGstQGVtkojilley_Q0Xwb_3H7pzkBs49wUGe3qyzDKZPozMm9gOFfeGo-YoFSAghx9yPoOE_kZLWhSEggw88z7YMJ1mTnxL_7B5Ix4KfewuDusYMofjOw8qtw_5E5kODezMLtxuukgMbw0VnRAh9_1MXEc0kiOcADXi87MRC-wqY6cRNiXE9Aq_k8G-WTcGiL1_aTHzuw_KA2aK_MdlwCsAbrYxpGhI3QmmB0b2mOvbX9QrU7KqwKv4NWXKBubJmXnqCPsHZtgSTPTsTC_Miipi7z49OPvEV1KIEw4d6QdXTsi5itNwW8tJiLmIWI9tmRVsq4=&xkcb=SoB6-_M3MPXFaARuQJ0FbzkdCdPP&p=14&fvj=1&vjs=3,National Recruitment Centre - gap personnel,Ellesmere,Today
75,Pharmacy Dispenser - Shrewsbury Extra,https://uk.indeed.com/viewjob?jk=2e396492daf4cf22&fccid=e7de5238ae83770d&vjs=3,Tesco,Shrewsbury SY1, 1 day ago
76,Mental Health Support Worker - Days,https://uk.indeed.com/company/Pro-Locums-24/jobs/Support-Worker-36c589634de01410?fccid=4726a5bdc052a05c&vjs=3,Pro Locums 24,Shrewsbury,Today
77,Bricklayers Labourer,https://uk.indeed.com/company/James-hunt-builders-ltd/jobs/Brick-Mason-01bb0a042b6bc4de?fccid=c28fca95af2811cf&vjs=3,James hunt building services ltd,Shrewsbury, 1 day ago
78,Warehouse Operative,https://uk.indeed.com/company/Hariley-Solutions/jobs/Warehouse-Worker-2d65da6af6ec74d7?fccid=718e55146ebe89f5&vjs=3,Hariley Solutions,Shrewsbury, 1 day ago
79,Welder - Fabricator,https://uk.indeed.com/viewjob?mo=r&ad=-6NYlbfkN0AqPxBPMWfiYh1-LnewUMGJE3S3srZ3HX3h9eFViW96kweww1QRCWbOlQnxDZttppPofXT3yDR2MzQh_0lq8-K8Nx8DFv1ABbh5_zWpDwlfzHSdNTDHmJgQztSI2m_BN-wMbZOquru_6iABVWeiq8PDra7MIuDyyVTPzhVep4NGCdabWqb779ikH93NwYnjq4XTaL_1sUPgiN-LJV1xZElBZ2V4TufeZlCb4R5UbhGpUHg4wk4CEh79hshwpdh4ydG_0Rwa8fa8RJfrZRx3BVyxNiNCEwiVzC_CzK2-H-dzY8NKE5kU8Q2Sa0eYBw8PcYY8HfrysmuVTtT_FgUScakEGxubr8WRdBz9BOMaVglY7QKY55wGSIv5jx47yUs5YrE0JwIg4GmNC5K_fcUhsWR0aIDEB6_wkCDvUcY3TNqGp2KmmVzDpcIXrdC3ZsHRVD0unRhbc9U3fWEs_0WukAyusVcUwQJSWlIo0pCqYybQpP5btImJdJDPcLFrM8doe00p75_BK3WoH2Q7oONv6589hbTBdMj_ngFbfBNlz0pd9WkAXhgbG6R3eXXWTDfs0ijUrrqjtqT2p3Cz1KZKv-wEUcLsj-BgpahfFRoZXMp54cSnSF28KGc6xHZWD23qmxisfAcFrhaVxBSPhRGDUcm6AvU7Nn1IY47B2Ci2fTUpodo6m17FAsZzKLb1mbtXQ6mkUWAlE9SoNgb5TxWugOSc32wqocb36e36Mt0_sUHv5RkSDda1iu24L-m2WZZEsWxUkembK_ye7pRiDkqRdFDbx6TTX0B0WzuGqtDIhiIDqJbf297KdPpSBzJhXylY_yGBuvS5NmdByw==&xkcb=SoBP-_M3MPXFJ9SnWZ0PbzkdCdPP&p=4&fvj=0&vjs=3,Babcock International,Shrewsbury SY4, 1 day ago
80,Workshop Controller,https://uk.indeed.com/viewjob?jk=f10d0155e602a262&fccid=2b12d3e51a3ab214&vjs=3,Inchcape,Telford,Today
81,Electrical Fitter,https://uk.indeed.com/viewjob?mo=r&ad=-6NYlbfkN0D2rYH4q-SXdzb04JQdFiHRreP1ZGtRaHKQgM0wz7q9cyFvl6yEQfQOM6TYtSDUo-bzhBZbfeSnuizwiPYIuZGgNDog7NPTrgB1BWFqBQJcEp067YLJcCb_lhpLtPWWDDGq940ni8p_8KzJNz9XKjdy-KrP7hNCXXO5WNdEtwIb7bagUyyEsWSdIjArVcEuoTQ2y9d5WdYmMILp5p5H4GQHROrUJzKZBkoiiNfwDgjhO5UNpA-rQYmrHl0-Q2UHqsxo2rHACpbmKSAehHmhipZECncd1FjmG0wv7B9zZ7jwW2LgfDAMangOHk5uabg60MqPUTnfH-JXpmutKCnA-X31YZCO-JYR5aSN3VLPXhh61G1y-sY2ZvLc6cQcKMnvjMW9OJ-2gNX_0gtxRq56JlwtDUf-PnCrFxKWFqBTK7Hx6i2jPNJknmRe-murtHMVIfe_V9txEgLSHAZUZhNjm4Hatb2BEYRsFZnEPTQHOozp8tbBCtdCMs6oUz9JxAyh_ks=&xkcb=SoBm-_M3MPXFJ9SnWZ0NbzkdCdPP&p=6&fvj=1&vjs=3,Hariley Solutions,Telford,Today
82,Operations Team Leader - Oswestry,https://uk.indeed.com/viewjob?jk=7132cca94e74d2da&fccid=19668f4c62648b93&vjs=3,Arla Foods,Shropshire,Today
83,Motor Trade Service Advisor Aftersales Advisor,https://uk.indeed.com/company/AUTO-ELITE-NETWORK/jobs/Service-Advisor-84f6ebfb7ca46845?fccid=f7c09c5063401c4a&vjs=3,AUTO ELITE NETWORK,Shrewsbury,Today
84,Customer Service Advisor,https://uk.indeed.com/company/AMP-Clean-Energy/jobs/Customer-Service-Representative-1fb4f45302bf1e46?fccid=5ceeac9d2044465b&vjs=3,AMP Clean Energy,Telford,Today
85,Property Administrator,https://uk.indeed.com/company/ONE-PROPERTY-RECRUITMENT-LTD/jobs/Property-Administrator-b74a53a2e94137d8?fccid=ddec48ceeb9199ca&vjs=3,ONE PROPERTY RECRUITMENT LTD,Shrewsbury,Today
86,Housekeeping Team Leader,https://uk.indeed.com/viewjob?mo=r&ad=-6NYlbfkN0AACI6XzrLeA6dPCP2OBpd-gQ5r5a3y3u08KqWDtyeF4rfH9kVwDrfelfGJGv5z74Dn2MFSXm_xI0fTitTTiQ-b8qh-mkXK7LZWmLFK5w9uWojjanv_S9B6AX8zuJmp4wuAPBSvku5eNd4cX276kyrZiOBjyHA3B9MdlM1VA8FxFp246UQxcrFYBJ4qbiK5BgupOa2btIcRxWgIWpIJjYLxXVs9qL3Kf8L7hL82xLhvnvzEhofjPMsJCfrU7xMZFAert7R8u4m7f43eMSNg5ZvWguiFhI146qiIMHBK-qXD0dvZSGmCG2OqCv2gjlJJKn_-VGySjCIxdjEbLAD80PhyF8cIUFQg5KfO4ZTPT5_yeD8mtOXIKSbaZE8CPdfgIf4TP96RDoZrGjzWAFqsFHddBn_iZPUOQHggxcbHinCgS3uVB6diuwcQsYS-v39IuUlLNqbOG7J5r5qANdq0sXvZwkNJSXLtAA_u1OtuMRAb8qYq6g2VA_EbT-_52DF4GV6P2zpk0E3Y0kfgl7ZjZpHNrDEU7lty4Ns=&xkcb=SoCm-_M3MPXFJ9SnWZ0AbzkdCdPP&p=11&fvj=1&vjs=3,The Westgrove Group,Telford TF3,Today
87,Warehouse Operative Apprentice,https://uk.indeed.com/viewjob?mo=r&ad=-6NYlbfkN0DKW1Yl_jqPW-kAXv5hkQkrYEYrG5kryUkHKYsMwpqSNgX19EKMZpPth5kIiSXQ82uJGjoIIC5mag7rlg3PkA9hCATsGEGGRu9JkrQLbUvGLw5wBTpMYBtW78Oy6PNoPIT2BTZJ9DYxs4J6C-2eqrpaeYdJzqtRE4Xl2PCQcXXDNsZSJdhAjdAVkpTqln9Oo3EOTovkvC2DFlWt65yI9w_0_Wdt_2YKV4UsvoUkd5lV02EfbqMWekcEM93rIlVikw2Mr0jY8pmAuRRoavZG51HlxYvJnfvCpykRxmkqPdsc4apiceKqFx-ofnimEDAgymT6YM3GaX6i8gxcUCOE4MuBjrQNzTyQud92gS5-H8ZRxIIJfwCexj4i492uXfvQPX1Sujz8lbJzNXG4MunjkPTkWFDr5r7mAwu-FHZi2UnhYm94e7cJsSG0ZtrRn8r9Mz8MmL4p1BZgisGLksE3GjS10nIn3TIncbpEe6IQ_841R32VjpcaYBJQwRbo_F0TheJldL1tipN243-2eDMQnY0-&xkcb=SoAo-_M3MPXFJ9SnWZ0HbzkdCdPP&p=12&fvj=1&vjs=3,AGL Training Ltd,Telford, 1 day ago
88,Cleaner,https://uk.indeed.com/viewjob?jk=178fc01810530548&fccid=c55f4ad42cee2cd3&vjs=3,Compass Group,Shrewsbury SY4+1 location,Just posted
89,supervisor,https://uk.indeed.com/viewjob?jk=208877a5d8695294&fccid=56cdda650c544fc3&vjs=3,Costa Limited,Whitchurch SY13,Today
90,AM Shift Supervisor,https://uk.indeed.com/company/Delivery-On-Time-LTD/jobs/Shift-Manager-612a4da7aab5bae2?fccid=c97487d4f01643d7&vjs=3,Delivery on Time Ltd,Telford, 1 day ago
91,HR Advisor / Officer,https://uk.indeed.com/viewjob?mo=r&ad=-6NYlbfkN0Aw1ya_t9pZYLKr_ArzkpbJyoOJ8rRWwgTWsEsBNoniFl4fcKUVDE5TljKpekY2muQK2V4nRKbTV7iqem1jcDIk3608BhoI9l2uLRd4JYa6QfX1sra4_Z729qztiyUCggfr-KppxqFn-3pCTsf-dREXSVtMw0p5njYazL6z8nTjS9Mthidj5oaup-04EV4BS5vq15Ybkko6yYrUSywzbStUcVDk7kZ8arKsIKW6ImUkYarY279IZZnZVGzYNWRnDYGnaxnBQ5NP9lYlE4qWlB3G1lMvxc5HpKpk9_rfYBx6lEjeiix4suzS4DT-An_yQK4h13T2SevV-rbwAUIxmz-YuCKc03Y5QqtJTtfF2mIcPwWLBdPoBMYHDKF7CfNvYlz6yl-kO-N6WrmoO4K5IEDrilb-JIMVuY0SWIMsyTAB8IK4gBVfH5Bn69XR-_O-ScjNcLHcZLK8-52_7skCKmUvbOEMZuSWE4RrCCozvqTLi6rsyv6M09284GjtrDPHzUq3XmuTe72zlsF33t2JIfQFUbluw3p70KTobRHunkJegqip4yMNFD2URibCzVbZueyrg19ey-O307hvs3kllHK8QYesLv7Im1w8-pCnZfQdPEf4nE7ToHNj3lRjFReI2n1xgicQNjSVvBRnzVwJUJcItRiSPrzLSN-MgN1gMwGOagHHyrh7F8zmo9pvAIZfdjghvYVi4L0xEUobGxcSbOGXwWgOsz4UmcA=&xkcb=SoCk-_M3MPXElx2MMJ0KbzkdCdPP&p=1&fvj=0&vjs=3,networx,Shrewsbury,Today
92,Roofer,https://uk.indeed.com/viewjob?mo=r&ad=-6NYlbfkN0BL9L-i8c9fADMrO7N2T58mPVBkew6Q-MSCTfPGr_n1da6BtFBQTTWFn1QPMIgCKRn-NkPCvjfuyr-R2yGPdrWOJCX8_VkjMtD_-Bwt0bBd6WCybmzZ2J9lnW-TzcHCbar0QAchR4LlyiScq9weI0Wnj7TOORI7vN2GM6M_kaN_reYSID36MdD-l8G4GXhZBId3eulLKJhbv-KvDBL0gEFeb7_n0qN5Yi79S3h8Y-OyO0iGsirwbKkHxVnnJutTM6G5r4DvIxls2FYK4965F8AEdJ0XhhXX-OinEuZlhodrpm56pysCNhY9Ghm82j6O8XNVR7m9JjZ1EQsBQsiqaYmagZi7qbBXgUIWuCXYH51yUdfFICuRUd9KUcO-YsOid-J--IPUeTTaunYw1tTYB8XmbEyB-LK9DN-VLmJVqFZ4OBqYR-bwBioOV1y8chGsV-XEgN1MLfDNbOV6K9ZIyWPuRPyqB-otZHSyxmhbRnSDYXG4R6nfR4V2&xkcb=SoA5-_M3MPXElx2MMJ0JbzkdCdPP&p=2&fvj=1&vjs=3,CPR Recruitment LTD,United Kingdom,Hiring ongoing
93,Community Care Assistant,https://uk.indeed.com/company/SureCare/jobs/Community-Assistant-d6c0cd0ee52c64fd?fccid=e651b0dbc1540fca&vjs=3,SureCare Shropshire Ltd,Oswestry, 1 day ago
94,Neighbourhood Officer,https://uk.indeed.com/viewjob?mo=r&ad=-6NYlbfkN0AE6r8UI7JY7CtI_PxWiDFd4Ji1yROTSp0pLR1iCxwbUUuFJNXHdMqC0wLOWADemDk2I7xRtFvFV51E2jlwebx5TSRxyP1_Cyv8GEsXmhLNzP2aVMpkFGWv0mjiCKPHeBgDopmp6KyNRcvTBnE-ZWHqOg2YzdwnrpcYv335xOlfhR_p1lObcNcrUwU_EZUTioQJs_h6zyclRUd_xpzPNn-sX5vY7aRx3-Jye8cBxStERSkU1TYCPd9wl3KXVp0f54l-xpKxrcKnFBnNN_HLmBfA-fqEauFF6hFF3y0f2LJJyAF4ho5wO9ItG9sE3BiYUvYyHnz8y7CJviuvzMnJ1cmsOzx4ENXLk_WN5k46UHWc8l0bDCb4lxQEDxrkMGRAmE_OLIsdxQt_L2uk8dyBmOjCM5DevmmM98J53uKsFFfuNIKsJt5qxZuj_QUMiYmGG7v9RSkMO8ghFT_IFIIXQAfPKCdIr65QwlehckGnInL2Tg==&xkcb=SoAD-_M3MPXElx2MMJ0PbzkdCdPP&p=4&fvj=0&vjs=3,Joshua Robert Recruitment Ltd,Remote in Shrewsbury, 1 day ago
95,Motor Trade Service Advisor Aftersales Advisor,https://uk.indeed.com/company/AUTO-ELITE-NETWORK/jobs/Service-Advisor-84f6ebfb7ca46845?fccid=f7c09c5063401c4a&vjs=3,AUTO ELITE NETWORK,Shrewsbury,Today
96,Housekeeper,https://uk.indeed.com/viewjob?jk=9ab8d905f853097d&fccid=c0d1bfdf3ca29b0f&vjs=3,Premier Inn,Newport TF10, 1 day ago
97,Asst. Cook,https://uk.indeed.com/company/Midshire-Signature-Services-Ltd/jobs/Assistant-Cook-51f8a4fcb3eca621?fccid=f42cbdfbec2b5991&vjs=3,Midshire Signature Services Ltd,Telford,Today
98,Transport Planner,https://uk.indeed.com/company/Springhill-Service-Station/jobs/Transport-Planner-61f4872c9e6583c9?fccid=36e44683053823bc&vjs=3,W J Capper Transport LTD,Telford, 1 day ago
99,School Cleaner,https://uk.indeed.com/company/Cavendish-D&C-Cleaning/jobs/Cleaner-8d39c7cbc6e51961?fccid=d230b4cfb3b99f02&vjs=3,Cavendish Cleaning Ltd,Great Hanwood SY5,Today
100,Field Service Engineer (Training on Forklifts),https://uk.indeed.com/company/The-Retention-Group/jobs/Field-Service-Engineer-8bc42fd2df67a903?fccid=24750f67de7c9ef3&vjs=3,The Retention Group,Shrewsbury, 1 day ago
101,Restaurant Supervisor,https://uk.indeed.com/viewjob?mo=r&ad=-6NYlbfkN0DhKjJ0LRJHUtKjP-5fVpScJ6RtkOco6SiXvPIfElEUlTL4SfCDnz-c2zVIbrqlKrZfXRCJT1Qc1DFKRDjXo4EAy9NWOZ1soOzSnnmya6VggZHszSxKe1HR_Pt5sRDQLut3qglj61LJpc222PLphcSoYlINM37oA-cm5ouxmvMO5-NZjGtqtFEjuB6vLOKpAfMGii7CpyWOUw6WbGN3IiKTjLIOBVAjrdjmZPgJC1d0lKxcFbLKMfCV4S-Ff0PGJxgzeZj6SE1MHL-GpnSP09U-3Im3mKsk38or3AkU58cUqwCrJjHP8G57YHS7TVvlDS-ZWQ3Cvawc_yBVpKK_3upt5oD7-ol3KHuu_Sidofsvq95RtCvM98hQeIDa-45oneXDQDK-ef32outHgNS0l--GaMyeZmW-W3so4hCxWNcbhxHr5YFSdGhXW4NMfhi5WHEckmDxfTSuheuY-IyB4B_qR6QU6k9bQX2CvaRPfb7-SzlD-M_mjhFVMb5hugSgN5L8HZBZruPneyK79b7b7P2L&xkcb=SoDq-_M3MPXElx2MMJ0AbzkdCdPP&p=11&fvj=1&vjs=3,Opus Vitae,Shrewsbury, 1 day ago
102,Boning Hall Charged Hand/Supervisor,https://uk.indeed.com/company/Pickstock-Telford/jobs/Hall-Manager-a194d1a125aed320?fccid=b36c05864b6d3866&vjs=3,Pickstock Telford Ltd,Telford,Today
103,Learning Support Assessment Coordinator,https://uk.indeed.com/viewjob?jk=ed3470fe3a283b44&fccid=c6eaff9e7b14e16f&vjs=3,Telford College,Telford, 1 day ago
104,Welder - Fabricator,https://uk.indeed.com/viewjob?mo=r&ad=-6NYlbfkN0AqPxBPMWfiYh1-LnewUMGJE3S3srZ3HX3h9eFViW96kweww1QRCWbOlQnxDZttppPofXT3yDR2MzQh_0lq8-K8Nx8DFv1ABbh5_zWpDwlfzHSdNTDHmJgQztSI2m_BN-wMbZOquru_6iABVWeiq8PDra7MIuDyyVTPzhVep4NGCeJf1QOu6NDS8Umh15tU21S8iJ2xzkveVFMHk1m_twYEktoFs-LfZqPNEgJm__13tsNn7cBF-4SJCBbf6DOYTydZlM3Ji-7KIx8W_YFUPf9SMCn8cT0RqNuQ8C79Ut6MzlVh-A4yL6LecmWx6CsmgEY3XqCPwzQkQqwRdkK4G-iiuRVJpQ0uVo3Ek8m7O7VY-5Bu1iLmXejMy_VEVJjKxxF-VqdWZjbD_4Qn67UXxo8eALlG7Tvqcr5J-hhvcR_immnECXzytrHYrs9yHbG5gvaJF7inhEh1jXraOhcxCi3cf9-WsP9499l4FI3UDGGRfg2PXhnLqelZS1UxsIssKJprX3ieG2yJy33p5vlUdQ4UVL0wVbyrpZcFY5zF4LlWDRNS5JNlYBRFx9l04T2RJAlhrBONOUZPTdBJY8BHx1aTPoytHDZKAkyiEs-_uaSGoJT8m6luvskWJttJQM0Fp_ca-3vhF-lZVtW4B1x-RPecDr5ChuTEKTbDFRJMIHrz2zschhi_UIWrpk8p6bdjUk1ccXyRFfOQoqQN7NeZXfq3JzenJc-8AmyjcHbOPB78Ht99RjYORPtveS1hsGi2g_LL6pQCgrjjv63hZQtC7_iJGEhLTuoa6OVDCWZ_h8LhFWfMZWCZe5WDi5hxBFMG9FrZSk9X10TsdQ==&xkcb=SoBN-_M3MPXElx2MMJ0FbzkdCdPP&p=14&fvj=0&vjs=3,Babcock International,Shrewsbury SY4, 1 day ago
105,Estimator – Refurbishment,https://uk.indeed.com/company/Hunter-Mason/jobs/Estimator-e5df652f83378ea6?fccid=942131a66b68f6c5&vjs=3,Hunter Mason,Shrewsbury,Today
106,Warehouse Operative Apprentice,https://uk.indeed.com/viewjob?mo=r&ad=-6NYlbfkN0DKW1Yl_jqPW-kAXv5hkQkrYEYrG5kryUkHKYsMwpqSNgX19EKMZpPth5kIiSXQ82uJGjoIIC5mag7rlg3PkA9hCATsGEGGRu9JkrQLbUvGLw5wBTpMYBtW78Oy6PNoPIT2BTZJ9DYxs4J6C-2eqrpaeYdJzqtRE4Xl2PCQcXXDNsZSJdhAjdAVzdwv2HHsxdNs8Z2FIrOz5Rp8XbznTN7Z2U8or6pDZ5qURNRioALa7Pk1dRLNhtmC_K9DKp3dNeNpGVYyAAgQ8WXzbvJbA4s9z5lQL52p5BhwQ75_Sta7g3GpZF2rssBvbN-mIIlshtS0XmqrkeXR-yVS6C9orlok8bJCHTTRx3ztrplYfrS48IWUD9TzCfYOCX3uklBlRABGTnS_3OgQvOMGGbnG0ePy45-JPfxvH_8zXRYNdQh6qxy8tHqvyscB2Ng8Swanmt98YkdcZVdzUeyXsRgjVfbgNSeKT3NhoVyBM8VNeMuKHkYtZxMlr0TexmrPkioGMIWZnmCXi6Hbjw==&xkcb=SoDA-_M3MPXEefRuQJ0IbzkdCdPP&p=1&fvj=1&vjs=3,AGL Training Ltd,Telford, 1 day ago
107,Pharmacy Dispenser - Shrewsbury Extra,https://uk.indeed.com/viewjob?jk=2e396492daf4cf22&fccid=e7de5238ae83770d&vjs=3,Tesco,Shrewsbury SY1, 1 day ago
108,Dog Groomer,https://uk.indeed.com/company/K9-Kuts/jobs/Pet-Groomer-298b0392bd75a98d?fccid=d35dd5d74d203071&vjs=3,K9 Kuts,Wellington TF1,Today
109,Team Member (Live In or Out),https://uk.indeed.com/viewjob?jk=1347351e4288297a&fccid=8612fc665d98b1a3&vjs=3,HF Holidays,Church Stretton SY6,Today
110,Accounts Assistant,https://uk.indeed.com/viewjob?jk=4e6fe6ff68b233f9&fccid=383e953542b400ac&vjs=3,Prince Personnel,Telford, 1 day ago
111,AM Shift Supervisor,https://uk.indeed.com/company/Delivery-On-Time-LTD/jobs/Shift-Manager-612a4da7aab5bae2?fccid=c97487d4f01643d7&vjs=3,Delivery on Time Ltd,Telford, 1 day ago
112,Community Care Assistant,https://uk.indeed.com/company/SureCare/jobs/Community-Assistant-d6c0cd0ee52c64fd?fccid=e651b0dbc1540fca&vjs=3,SureCare Shropshire Ltd,Oswestry, 1 day ago
113,Stores Assistant,https://uk.indeed.com/company/Jam-Staffing-Solutions-LTD/jobs/Retail-Sales-Associate-7b0534de303dc3bc?fccid=bcebaafd48bf6802&vjs=3,Jam Staffing Solutions LTD,Telford TF7, 1 day ago
114,Restaurant Supervisor,https://uk.indeed.com/viewjob?mo=r&ad=-6NYlbfkN0DhKjJ0LRJHUtKjP-5fVpScJ6RtkOco6SiXvPIfElEUlTL4SfCDnz-c2zVIbrqlKrZfXRCJT1Qc1DFKRDjXo4EAy9NWOZ1soOzSnnmya6VggZHszSxKe1HR_Pt5sRDQLut3qglj61LJpc222PLphcSoYlINM37oA-cm5ouxmvMO5-NZjGtqtFEjuB6vLOKpAfMXBZxwikxBhHWCdbxMKoE9Pjqct--knBxTp0SD33SwMqu-98BIwmC1tTYmb_dR8dadQaCRFt8bCIQxYT_j5IRyJ_xviJUxWgXuRYT7xZQ1k3Kf9Iu_whK2kb8rGR8vl_pU0-UnkTB1DSWmScl-GzICL37JSgiFiEJCsKrd872VnGJ7-hZRIIVnD7Bz6KilLXud2HrtGt6_r_x9jSBSTxDP4siKaWe_g3WBm2nlR2RY0fJfBnx95KSZViBxvYetr_5QUBxlgvx7tbZhuT5L_HbdXdNov2cexduB4gYwNmnFKYSfWG450NtreNqgLJNCRhGpUCWBMdiCERM6Yyzpfxg9&xkcb=SoCn-_M3MPXEefRuQJ0AbzkdCdPP&p=9&fvj=1&vjs=3,Opus Vitae,Shrewsbury, 1 day ago
115,Electrical Fitter,https://uk.indeed.com/viewjob?mo=r&ad=-6NYlbfkN0D2rYH4q-SXdzb04JQdFiHRreP1ZGtRaHKQgM0wz7q9cyFvl6yEQfQOM6TYtSDUo-bzhBZbfeSnuizwiPYIuZGgNDog7NPTrgB1BWFqBQJcEp067YLJcCb_lhpLtPWWDDGq940ni8p_8KzJNz9XKjdy-KrP7hNCXXO5WNdEtwIb7bagUyyEsWSdNc5qL0PhbpVRy1ExpCzIPP_1_VbR6B1jiBOwmMyr7skbsQl5QLANkbFJI8vSqq7Rw-gSf5MWleIKyqYWtVd82is12jK73HlSALVA7RwfF_KJIVU1fgKYsEDUHGxLQlVPNB8XfqgB7wYq56JAcmLlP_5T3q18htx334nAHcHTEmrOfTErZ02IB2EfxXc5QSA-BDxcNnKpkOk_JBkmB9TLlxi1t7tMrYKB1k4a375eJgqjZwCxFS8tRJ6m4I3_PoJ-pOPIleliaZcRstwMeX9UOC8lQALrQop_x4dY--OzOYJCQ2Fw7te3cOrpCnxiN0VumOkmYJ6dt_s=&xkcb=SoAp-_M3MPXEefRuQJ0HbzkdCdPP&p=10&fvj=1&vjs=3,Hariley Solutions,Telford,Today
116,Assembly Operator,https://uk.indeed.com/company/Avid-Personnel-Limited/jobs/Assembly-Operator-7d59d31859746a18?fccid=c94bb418522f40f4&vjs=3,Avid Personnel Limited,Telford, 1 day ago
117,Housekeeper,https://uk.indeed.com/viewjob?jk=9ab8d905f853097d&fccid=c0d1bfdf3ca29b0f&vjs=3,Premier Inn,Newport TF10, 1 day ago
118,Community Care Worker (Ryton),https://uk.indeed.com/viewjob?mo=r&ad=-6NYlbfkN0DN5cMa-8DISo1E9ZmyFOgT6MOJbVYUo6_aYpqSD641X-Nv8WFdzcQSQjdCkTdnLwkcXvn4Pv_qm3gugsFlytFp9EU1VEeDevZBJlZu5nLUEBe4qECicBR-VQXpYHHBuShDNrhIG8YU3sErDsRqlQC7_l4c9qldSKF0Trt1UxPhU_HTK3JCoGXnzoSlHTTkzNvstRBYeXlVUc1gzrqfEYE-6DM97pUx2R7hCXIcfrg2yUqMcnylcEvUiLvYpg5tfyKXKQiahuh7DwxcKYlqS4YSGmyNkbYLEnuX3fcg_Xl3LGTDaFrhIk6EYfMawuvHCf5f4DsMALMcdnpPFRex90WIp6PZ4TX1J1qukOGRNtgWAE0JXySwdz32y0Fb9cT75fCkA_QUH0T3fN6GQl83ItsOmyEZ0lsDlcP_8yw4tuPv59QaBX8IkRi9FpViz9_zGnv1PPRmg9jX7qeYMESFPRbLVuhRGea8ywyoqN7YGlvu9CrUAU5fU_n6QJtz1obKhchavTxyyX0wglZzHJV3lNoxFnxP4KXkhUCUiRxqMpdNdA==&xkcb=SoC0-_M3MPXEefRuQJ0EbzkdCdPP&p=13&fvj=1&vjs=3,Dale Care Ltd,Ryton,Today
119,Motor Trade Service Advisor Aftersales Advisor,https://uk.indeed.com/company/AUTO-ELITE-NETWORK/jobs/Service-Advisor-84f6ebfb7ca46845?fccid=f7c09c5063401c4a&vjs=3,AUTO ELITE NETWORK,Shrewsbury,Today
120,Transport Planner,https://uk.indeed.com/company/Springhill-Service-Station/jobs/Transport-Planner-61f4872c9e6583c9?fccid=36e44683053823bc&vjs=3,W J Capper Transport LTD,Telford, 1 day ago
121,Sales Advisor,https://uk.indeed.com/viewjob?jk=207ed51def7daeb9&fccid=a0287dec519885a6&vjs=3,The Perfume Shop,Telford TF3,Today
122,Volunteer tea party host,https://uk.indeed.com/company/re--engage/jobs/Party-Host-c3aa084fb82aa196?fccid=f4791aee489698f3&vjs=3,Re-engage,Shrewsbury,Today
123,Neighbourhood Officer,https://uk.indeed.com/viewjob?mo=r&ad=-6NYlbfkN0AE6r8UI7JY7CtI_PxWiDFd4Ji1yROTSp0pLR1iCxwbUUuFJNXHdMqC0wLOWADemDk2I7xRtFvFV51E2jlwebx5TSRxyP1_Cyv8GEsXmhLNzP2aVMpkFGWv0mjiCKPHeBgDopmp6KyNRcvTBnE-ZWHqOg2YzdwnrpcYv335xOlfhSOwB13vLezldNvrdQPPO5WodImJTBL6te-90rFv80b5VHesXpk-w8qYo0xSImjyzAdjKC6kibwqfK-jx5IqnayVNU8CIeWioRmMb6DIXC4TmK1zl09T1s5WqtZeHuvY_zQQzI5vGV1F2QPguCOnL0s0xbT7NPfwuju8K0vQJUuG3QlwTR2elPiwSLpY-zHYMjcS8-d_70dmhyNgMym-TxS7RSYQEU3UP7FRdsVH7eIU5xe-ciCxiERK-QaRopR3fhI1UPUMs7fanMmYdxWWfAH4D6iUIa1MqfVyUSYrZ6ILbbrXUEMiF9IowIZHTjtnYw==&xkcb=SoAP-_M3MPXEMgx_gp0IbzkdCdPP&p=3&fvj=0&vjs=3,Joshua Robert Recruitment Ltd,Remote in Shrewsbury, 1 day ago
124,Mobile Handyman 13830384,https://uk.indeed.com/viewjob?jk=75bf5b8e44171cde&fccid=7045a300a52da4f2&vjs=3,Multi Trades Recruitment Limited,Telford,Today
125,Mixologist,https://uk.indeed.com/company/Netley-Hall-Hotel-Limited/jobs/Mixologist-53cda24af61a8429?fccid=da9b4f6abdcd21e4&vjs=3,Netley Hall Hotel Limited,Shrewsbury, 1 day ago
126,Stores Assistant,https://uk.indeed.com/company/Jam-Staffing-Solutions-LTD/jobs/Retail-Sales-Associate-7b0534de303dc3bc?fccid=bcebaafd48bf6802&vjs=3,Jam Staffing Solutions LTD,Telford TF7, 1 day ago
127,Apprentice Quality Control / Quality Assurance,https://uk.indeed.com/viewjob?mo=r&ad=-6NYlbfkN0DKW1Yl_jqPW-kAXv5hkQkrYEYrG5kryUkHKYsMwpqSNgX19EKMZpPt9gdgXO6V4QtsmrvfSSQN5Y5SpjvapT75kG7xK14hYGk5vdokRKUmcORbeIlXVcFyAEXuuD1yvj0OvBoseJo7BgS8uG-yn9UXdgTBOe_qIwjWYwp2TPUU7SO7UFN8wTlPaZ3-0r_mfrF7yrLSArY9xFsqRkdirlBEj23YBmZN68482dhE4OU1CJSOx_QyDUsPSOP8Qnb0GRiPReie30FpMLWASLR3Aafr4waYksMyGYDubojK-0cqWiEdbEdhQKidiQPT4l4bkd0M7z8YLzuJGA5qCMegFifpk7Je9gcyc_gWpIubjL8jNlw1GQakHH-RJ3NWnMggW3RHN2yup25YCw-y_xUuD--6o7Ez6ggtuEwBflxeJfOXy6zNRUy7AgHXPw0W5vJox3MS6OUXQ6BWzanXDdqnDy4pDSPU-uQ0hk4SW3vq4NbR2y5WgLHPtxaq7S7ws7BFqkQymyawedyjZg==&xkcb=SoAc-_M3MPXEMgx_gp0MbzkdCdPP&p=7&fvj=1&vjs=3,AGL Training Ltd,Much Wenlock, 1 day ago
128,Volunteer tea party group coordinator,https://uk.indeed.com/company/re--engage/jobs/Manager-of-Volunteer-Services-92318c34e0b30ed7?fccid=f4791aee489698f3&vjs=3,Re-engage,Telford,Today
129,Domestic Abuse Support Worker – Male Applicants Only,https://uk.indeed.com/viewjob?jk=1e388f68e096bf27&fccid=3194c30d14fcffd2&vjs=3,networx,Shrewsbury,Today
130,Sunday Sales Assistant,https://uk.indeed.com/viewjob?jk=726aac1ab643ea3e&fccid=ff7d04f72b4a68e3&vjs=3,Age UK Oldham,Newport, 1 day ago
131,Recruiter,https://uk.indeed.com/company/Relish-Care-Recruitment/jobs/Recruiter-84bf0a2659d0d6fc?fccid=0296894a98907bc7&vjs=3,Relish Care Recruitment,Newport, 1 day ago
132,Healthcare Support Worker,https://uk.indeed.com/viewjob?jk=a4e4442c58984af0&fccid=2d79c083eac9b2b6&vjs=3,Shropshire Community Health NHS Trust,Shrewsbury SY2, 1 day ago
133,Housekeeping Assistant,https://uk.indeed.com/company/Springfield-Barns/jobs/Housekeeper-9a09b7f8fd764061?fccid=0575714668672c3b&vjs=3,Springfield Barns,Shrewsbury,Today
134,Assembly Operator,https://uk.indeed.com/company/Avid-Personnel-Limited/jobs/Assembly-Operator-7d59d31859746a18?fccid=c94bb418522f40f4&vjs=3,Avid Personnel Limited,Telford, 1 day ago
135,Delivery Driver,https://uk.indeed.com/company/Gophr/jobs/Delivery-Driver-1820e95310c83d0b?fccid=c4b195a4d4274163&vjs=3,Gophr,Telford,Today
136,Health Care Assistant - Days & Nights,https://uk.indeed.com/company/Smithridge-Healthcare-West-Midlands-Branch/jobs/Healthcare-Assistant-6c1f0fa6ad1fbbd1?fccid=e4f74004d8477a52&vjs=3,Smithridge Healthcare West Midlands Branch,Telford, 1 day ago
137,Neighbourhood Officer,https://uk.indeed.com/viewjob?mo=r&ad=-6NYlbfkN0AE6r8UI7JY7CtI_PxWiDFd4Ji1yROTSp0pLR1iCxwbUUuFJNXHdMqC0wLOWADemDk2I7xRtFvFV51E2jlwebx5TSRxyP1_Cyv8GEsXmhLNzP2aVMpkFGWv0mjiCKPHeBgDopmp6KyNRcvTBnE-ZWHqOg2YzdwnrpcYv335xOlfhR6A0ztsHB4ZJS6OmVEgVvFpmngurPKi7RxmrJD8DfIrZFfJFPLVD4YkfmWkq9IHxVD_4zwtAFDmSlYUTtux49BeAB3h2EPdU59-i2vIN73XJkVUhAraupFfsmR1NmGGm0XTSb0T7pXbsBa3ayp23g25b2znZf3Aq1PeaVJ0XiRw11RqPaznEgXnCZA8IWurGkCRubVlgxCVEF8TuBwxaJ5zOtcCG9nephsTpiYKUUr1nCKGx1vewEsKUEBhe8AQO1zjuqw_LcT74fXbA-QmwdU_IDFCcbPRn-MJ3jxORD3m8vIGce0_-qsjqfB3QgGL-A==&xkcb=SoAF-_M3MPXD53SS5Z0JbzkdCdPP&p=2&fvj=0&vjs=3,Joshua Robert Recruitment Ltd,Remote in Shrewsbury, 1 day ago
138,Buyer,https://uk.indeed.com/viewjob?mo=r&ad=-6NYlbfkN0DhKjJ0LRJHUtKjP-5fVpScJ6RtkOco6SiXvPIfElEUlTL4SfCDnz-c2zVIbrqlKrZfXRCJT1Qc1PpnuiTIkj9lCa29wnGJWhkTviDyNAsnSgrvtbdArJNyacYpiOAoZksYFNubkcDwZkPO51hTX4o4vsow4Q4Z_SyslkjdTQQO16Ii3KBQjoLdebCG4346nlEWi-FLI5dhp6Rsd04BUSJpG7JLp6kKwGf1tEHNdNHJNHYxXnDtHJqkfRSBjAiE7NV7SeEH35IVxjtVkjPYEN8AfHURjgcAgXr5BShgfpxl80XyuFGx0qvR5RURNP4e-pLtLsZ_gfH7qDFSCmGPkvPDJFUWsMWkvyWK-bEWGhfxOqPAxdgPS2pBXom-Mvn1j7qs6x_k05Iyh5HgN-1dWlUmhOJXvnGLIg3XAC8AWdpAZKnfWI6FuW3zcLzaoMWcrJgdFyY70Pw1ZupINHrPZ_ZvuLJkLnwHop8hQttUEOyD8s-4UthOyJe7yQ-C8AkHmN8=&xkcb=SoCx-_M3MPXD53SS5Z0IbzkdCdPP&p=3&fvj=1&vjs=3,Opus Vitae,Ludlow, 1 day ago
139,Community Support Worker,https://uk.indeed.com/viewjob?jk=7512bdd21ada4b66&fccid=7691ebb71b24124c&vjs=3,Midlands Partnership University NHS Foundation...,Telford TF3,Today
140,Industrial Cleaner,https://uk.indeed.com/company/Provac-Cleaning-Services-Ltd/jobs/Cleaner-8679c99b88d2b928?fccid=ed11fdf3c3829e5b&vjs=3,Provac Cleaning Services Ltd,Bridgnorth, 1 day ago
141,HSE Advisor,https://uk.indeed.com/company/GKN-Wheels-and-Structures/jobs/HSE-Advisor-ce8a68b53db83fe9?fccid=dd17e5426ff1d863&vjs=3,moveero Ltd.,Telford, 1 day ago
142,Cleaner,https://uk.indeed.com/company/1st-Choice-Home-and-Garden-Maintenance-Ltd/jobs/Cleaner-d26dec80a4d92710?fccid=d4ac372acade1154&vjs=3,1st Choice Home and Garden Maintenance Ltd,Telford,Just posted
143,Asst. Cook,https://uk.indeed.com/company/Midshire-Signature-Services-Ltd/jobs/Assistant-Cook-51f8a4fcb3eca621?fccid=f42cbdfbec2b5991&vjs=3,Midshire Signature Services Ltd,Telford,Today
144,Restaurant Supervisor,https://uk.indeed.com/viewjob?mo=r&ad=-6NYlbfkN0DhKjJ0LRJHUtKjP-5fVpScJ6RtkOco6SiXvPIfElEUlTL4SfCDnz-c2zVIbrqlKrZfXRCJT1Qc1DFKRDjXo4EAy9NWOZ1soOzSnnmya6VggZHszSxKe1HR_Pt5sRDQLut3qglj61LJpc222PLphcSoYlINM37oA-cm5ouxmvMO5-NZjGtqtFEj6LIIIocceY0ENYxT_heSBiQP-I3-vqfWJNxgL3zocpFk9HfKSc-mf12cEglwde0rI11MmsK81anSUBhKPfVJS2AN11Y6NuSiRzqXuAwS_K91vvTObQ2_CtSWNelTilaV1kf0BmLKX5ygMbggC1XYZahB9qNWWUyWblfNAZjXYqTSlNij3awtf499A9uottSunihbU01HE6OgotOxcg5sRMekuUPQ-I8-1cgcYsh89sK5MTD9EBNPwkkM4QLWC1suubDMOyk87QKKMYlD-iq7OjgkoFNLBXUKonOavnMEc7zbpMhbvaKx0IyaHgJ-Ce3sX5FA-Nd9YsNrCtXLD4BxfF821TFYLD-x&xkcb=SoD_-_M3MPXD53SS5Z0CbzkdCdPP&p=9&fvj=1&vjs=3,Opus Vitae,Shrewsbury, 1 day ago
145,School Cleaner,https://uk.indeed.com/company/Cavendish-D&C-Cleaning/jobs/Cleaner-8d39c7cbc6e51961?fccid=d230b4cfb3b99f02&vjs=3,Cavendish Cleaning Ltd,Great Hanwood SY5,Today
146,Manufacturing Supervisor,https://uk.indeed.com/viewjob?mo=r&ad=-6NYlbfkN0D2rYH4q-SXdzb04JQdFiHRreP1ZGtRaHKQgM0wz7q9cyFvl6yEQfQOUJYgSFoW7J-1VVw7C3sfNc-urF_XiFjcySeAD3skyKUnmJsq9KN1oxOqeQiydkghiH8XzvNAsjQiT9UPGsHQlz-2S4Enfhi7acw6fM2CywwR7LNxXfU-Xf0j-PjSp_dpxfVcS6ufmGdmlDN8iWLPgFbekeHoIU_-ZY9wS1JGQ_j6Du5B3gafR4_pdWgF3s99UW5ma5VpM7RaOxg6_ypaW0II59SBCKlgv66lPkRcwcrxTdAtKU8wnHSE0E08Rkb7l7p5FIldD95sb0iDhTqHilYUgySfcp5UBNxCun6yRq7myp94KgXBqVW5vkSAwsIhan9vkTb1AxheiEFWanXl8yV75cz2KU29R8FA73W7HXp9oLBj5qSSJ998Tdvw3x3vYXtxUmEq9xOgKO6AQ0BvrJhwCghtwNoJGsuKyjSLPgokLQFAQviCovYaLLOkVRsq8KX5gc22RsgYnTzeZNd1xA==&xkcb=SoDW-_M3MPXD53SS5Z0AbzkdCdPP&p=11&fvj=1&vjs=3,Hariley Solutions,Telford,Today
147,Sales Administrator,https://uk.indeed.com/viewjob?jk=789c1b3f28033662&fccid=383e953542b400ac&vjs=3,Prince Personnel,Telford, 1 day ago
148,Customer Services Assistant - Zero Hours,https://uk.indeed.com/viewjob?jk=73fd613e44892c48&fccid=c55f4ad42cee2cd3&vjs=3,Compass Group,Shrewsbury SY4,Today
149,Customer Services Assistant,https://uk.indeed.com/viewjob?jk=e46c2f78db789aec&fccid=c55f4ad42cee2cd3&vjs=3,Compass Group,Shrewsbury SY4+1 location,Today
150,Production Administrator,https://uk.indeed.com/viewjob?mo=r&ad=-6NYlbfkN0DhKjJ0LRJHUtKjP-5fVpScJ6RtkOco6SiXvPIfElEUlTL4SfCDnz-c2zVIbrqlKrZfXRCJT1Qc1FKv485DBxv7bH3pagvxzRi9QbDQmgX78rkysTvFGYVhtlQ1Qo45vdRtYNVXpoV4qeMgGoTDBp65mnnfScKq80yrX7UAC5e2BQspxIrM06eyhxa-tv_2pR_mIA8fF3ttKVtcb6Lakpqwbo_7YvsBPmBgG-FrEDb-iLavkMjS55lGM7zGU_NOutg8B0H9tHqeOKEg12K3_J3wI1GsZmyfcSlbbs3qunz3hEtpTTrQ6xd5x8IeEzoS68oiBICox6f632ZZoxIHbBGTt9MdeHBy7pTbg9-2yhWgq3t1pgSJWBlgfSiBq8vSc-XHS1AeoQPGp-l3qSGP_ROfkG-5InUKVgWSJuR4LHErdmXCJTV9UW0ffcl7DNfAyp2sdf7GRP06a8hiS__Vrw36B4ynaVNUbDSSlMYOySCLAHkaW5XpSRzAZ12PKh0Uv1BUYqWfwv2o-DPFX7-CTA9X&xkcb=SoCw-_M3MPXDXlRuRp0LbzkdCdPP&p=0&fvj=1&vjs=3,Opus Vitae,Ludlow, 1 day ago
151,Kitchen Porter,https://uk.indeed.com/company/Craft-&-Jam/jobs/Kitchen-Porter-7f12e9df3f72c6ed?fccid=96af419ce2fa6699&vjs=3,Craft & Jam,Shifnal,Today
152,Cleaner (part-time),https://uk.indeed.com/company/Avid-Personnel-Limited/jobs/Cleaner-e85bc3d249097c07?fccid=c94bb418522f40f4&vjs=3,Avid Personnel Limited,Shrewsbury,Today
153,Trainee Dispensing Optician,https://uk.indeed.com/viewjob?jk=be85a786fc915e00&fccid=a30572d7195b4456&vjs=3,Specsavers,Shrewsbury SY1,Today
154,Driver AdHoc Shifts,https://uk.indeed.com/viewjob?jk=6ee371c0eb1e767f&fccid=d170a0651f3d3d30&vjs=3,Travail Employment Group Ltd,Shrewsbury, 1 day ago
155,General Labourer,https://uk.indeed.com/company/Professional-Construction-Recruitment-Limited/jobs/Laborer-261e79520195253c?fccid=dcc4668f5d787519&vjs=3,Professional Construction Recruitment Limited,Telford,Today
156,Domestic Abuse Support Worker – Male Applicants Only,https://uk.indeed.com/viewjob?jk=1e388f68e096bf27&fccid=3194c30d14fcffd2&vjs=3,networx,Shrewsbury,Today
157,Recruiter,https://uk.indeed.com/company/Relish-Care-Recruitment/jobs/Recruiter-84bf0a2659d0d6fc?fccid=0296894a98907bc7&vjs=3,Relish Care Recruitment,Newport, 1 day ago
158,Warehouse FLT Driver,https://uk.indeed.com/viewjob?jk=7fef7713ca38a55c&fccid=6a1569fa1f3c2eba&vjs=3,Recruit4Staff,Shropshire,Just posted
159,Mixologist,https://uk.indeed.com/company/Netley-Hall-Hotel-Limited/jobs/Mixologist-53cda24af61a8429?fccid=da9b4f6abdcd21e4&vjs=3,Netley Hall Hotel Limited,Shrewsbury, 1 day ago
160,Liaison Officer,https://uk.indeed.com/viewjob?mo=r&ad=-6NYlbfkN0D9ECIWa8-M8auND1iFVeWJpz0t75cqffN1YvVN2o8Cdtgwq70uDyYsbF1CpG_w0wnZ0uCyQ689_N0otVk9DPr8cJlwEXmidDQEZiLxlUJW4Xce_PMrKZybwjiymimd_gFntIdmI93HLG-ly2NsMoVHsM47S6i1WKyQLsu_mjp6sKQ8SMsOXo719LVbGzwNB5q5YMf46rksTfYV8m4mQxgtuf93vdZtrH1JX3LQE8c9r9GONFMvTFlf874QjvkQnMxcqgXYcrwxm8z-L2hqKo1pXZHeaHX7OAYQQUNK-iDOlqMo4cJkz578DIUgfZR91cW1-iNWQapZG5IL_IaCIPiajvRqiMkNW4a1VAt8PnIGF_bijIK921NTb0KAc34yL9LThIW9q9wIqFdezGiiCXB_zZWve9ho5pyyN_mIImz0cQOtb1BTpodq9dw4U2g8lNgsTaBg_jc1CvVq6yW5pts6J-ZhTbbGrALD_w6cal7sxWyorAMRDGTBM0vK4m9MDF6i23dXETOLp0APPpJkpA_x&xkcb=SoD--_M3MPXDXlRuRp0BbzkdCdPP&p=10&fvj=1&vjs=3,Chester Recruitment,Ludlow, 1 day ago
161,Delivery Driver,https://uk.indeed.com/company/Gophr/jobs/Delivery-Driver-1820e95310c83d0b?fccid=c4b195a4d4274163&vjs=3,Gophr,Telford,Today
162,HSE Advisor,https://uk.indeed.com/company/GKN-Wheels-and-Structures/jobs/HSE-Advisor-ce8a68b53db83fe9?fccid=dd17e5426ff1d863&vjs=3,moveero Ltd.,Telford, 1 day ago
163,Retail Customer Service Assistant - Temporary,https://uk.indeed.com/viewjob?jk=1c6d6cc44bc699ba&fccid=03cacc905f5db444&vjs=3,BP,Newport TF10, 1 day ago
164,Domestic Abuse Support Worker – Women Applicants Only,https://uk.indeed.com/viewjob?jk=bdc289b79cbb4f40&fccid=3194c30d14fcffd2&vjs=3,networx,Whitchurch,Today
165,Cable Gangs,https://uk.indeed.com/company/365-Recruit/jobs/Cable-Gangs-cd14239788882fee?fccid=cd1ef06e92e4233f&vjs=3,365Recruit,Oswestry,Today
166,Senior Care Assistant on Nights,https://uk.indeed.com/viewjob?mo=r&ad=-6NYlbfkN0Bi9fSdG0Uw0dKWw-XNg66bsHUwSaw8PHd1AFMCg8ol6mE6Y8kpoQT6_7GaB0QTv7rSYJ0vy3bMzeDXhpqgXWJP8jBBHlm_kVW28kv86MW8d85YK7saxU_rj9hPQB2nbGOkZXgyW6fcmJkXxhKepSw7NXkr3u-mFflNXvrHsGcZRv_yksEbvWgQLYOi_07ljj-1b8wIZSxNqj24vWYYYbribxEcWPVfhYSpsYncO3TctLjSfDB_aKqhqcD25OZMFrSZoAF_wFaPtXoL-GrQrV6vPWAQR82nYNPQOuPEub2058eFvsitgy_4lJEgeO2UIq2w8S7pn7Lxso7EZOPFs0mg5p1fuU3J9xARMm4TyIHVL973q-FH3awX6EpQeoLULfSsEWTi19HgZorRg1UDXFNi9B9UOf9XDbJZlMNGRu6uabcywZjr1Psp9De0RC3klkBIxzHNYnZQEoCQNanyuV6TZcpehXovoZ1LCZTftuif7bT-wCbOp1HhKwVmCoe2Q7BfrvjRLpv2IFXSuvgY22GgVOaxYqnMAGojhAGrg6yMxQ==&xkcb=SoBr-_M3MPXDCmRuRp0KbzkdCdPP&p=1&fvj=0&vjs=3,Ideal Care Homes,Shrewsbury SY2, 1 day ago
167,Neighbourhood Officer,https://uk.indeed.com/viewjob?mo=r&ad=-6NYlbfkN0AE6r8UI7JY7CtI_PxWiDFd4Ji1yROTSp0pLR1iCxwbUUuFJNXHdMqC0wLOWADemDk2I7xRtFvFV51E2jlwebx5TSRxyP1_Cyv8GEsXmhLNzP2aVMpkFGWv0mjiCKPHeBgDopmp6KyNRcvTBnE-ZWHqOg2YzdwnrpcYv335xOlfhapjKAVN4eiPp__rfUwnvnezylAQiLaa06x4sZCkY6EUo0ITW9nRUJbf0H7gbdEzkjy7bJIRFMFKTkkZZntTEGMdrtzK5796yKViu7cYwYG9sgvVxuh086vOxqE4t2Ci-QKw380TkWQU0XSCXafp2LU5-eZCpWEJ-CSY-KhoVzCqUkz-id-fFBVJg9vQNqyqc7lc6KjoguRVgXuo45NSQfCaw_c1pktwYLNzCOyWedD1bG0xHsBlswJ-XmQwf8FVNv_xGV9EWJHBHJCrHK3w27x3UinEX5rZzKcSxiEZLhNK1212ctnzIGK04pewxRNDaw==&xkcb=SoD2-_M3MPXDCmRuRp0JbzkdCdPP&p=2&fvj=0&vjs=3,Joshua Robert Recruitment Ltd,Remote in Shrewsbury, 1 day ago
168,Sunday Sales Assistant,https://uk.indeed.com/viewjob?jk=40508ab1f87404e9&fccid=6195cfaa59d442fb&vjs=3,Age Cymru West Glamorgan,Newport, 1 day ago
169,Marketing Coordinator,https://uk.indeed.com/company/Hariley-Solutions/jobs/Marketing-Coordinator-6a734e0988c9273f?fccid=718e55146ebe89f5&vjs=3,Hariley Solutions,Telford,Today
170,Service Administrator,https://uk.indeed.com/viewjob?jk=8e412e337e0f47ce&fccid=d170a0651f3d3d30&vjs=3,Travail Employment Group Ltd,Ellesmere,Just posted
171,Linisher,https://uk.indeed.com/company/The-Recruitment-Group/jobs/Linisher-9517edeee898f30a?fccid=2d89e54ad8ab9f32&vjs=3,The Recruitment Group,Aston,Today
172,Plant Operator,https://uk.indeed.com/viewjob?jk=3d5e29e8c926d9e6&fccid=bc5afa013c617a43&vjs=3,Stericycle,Telford TF3,Today
173,HR Advisor,https://uk.indeed.com/company/Marches-Academy/jobs/Human-Resources-Advisor-3becaee257436e39?fccid=2d4e61b45f5802cf&vjs=3,Star Employment Services,Telford, 1 day ago
174,Part Time Shift Supervisor,https://uk.indeed.com/viewjob?jk=72e0cb86eeb45466&fccid=5be13cc7645003eb&vjs=3,Sizzling Pub & Grill,Shrewsbury, 1 day ago
175,Production Administrator,https://uk.indeed.com/viewjob?mo=r&ad=-6NYlbfkN0DhKjJ0LRJHUtKjP-5fVpScJ6RtkOco6SiXvPIfElEUlTL4SfCDnz-c2zVIbrqlKrZfXRCJT1Qc1FKv485DBxv7bH3pagvxzRi9QbDQmgX78rkysTvFGYVhtlQ1Qo45vdRtYNVXpoV4qeMgGoTDBp65mnnfScKq80yrX7UAC5e2BQspxIrM06eyhxa-tv_2pR9cWVoFN6QkS0pDkTkgBn9zNQOK1OaNW3XvSEjQ9V6apZoG2TRBCTYE_QMqqMSsE4aXlrLU--V_Z3QuAlJ6slnnPzupZSCGblTLT8PeOL1qmL4_s21h5J4wEazaL4kmjhz16zkDq0INwG3bJGSSL9K03YCX8tg3ptaMsfoqesnMOCkIhq0H2HN_y3CfjOioEUeu-6x3Y5fqb09dYPHJXmkWIqL_HPhEr3fBlHh-kc2BUQdKzZJu2858uDWHcp9D9a5q5YAxVpsh2az-cg3QSlyT5v81Ixy0mHwjDm1EAzxKmrQl_4p6il2zAkjrib07ONuZ2r1OA_Ov-7AcUnoTxbV3&xkcb=SoCR-_M3MPXDCmRuRp0BbzkdCdPP&p=10&fvj=1&vjs=3,Opus Vitae,Ludlow, 1 day ago
176,Field Sales Representative,https://uk.indeed.com/company/Utilita-Services-Ltd/jobs/Field-Sales-Representative-caca3ff61fa45f46?fccid=b360fc2ddb2a1701&vjs=3,Utilita Services Ltd,Shrewsbury,Today
177,"Bar staff / 2773 - The Wilfred Owen, Oswestry",https://uk.indeed.com/viewjob?jk=a828e8472f88272e&fccid=ba4da6467e7e64bf&vjs=3,J D Wetherspoon plc,Oswestry SY11,Today
178,Flexible Cover Staff,https://uk.indeed.com/viewjob?jk=e4d02a42b98c6fb8&fccid=8a6bb9cb66da321f&vjs=3,Protocol Education,Telford+1 location, 1 day ago
179,Warehouse Operative Apprentice,https://uk.indeed.com/viewjob?mo=r&ad=-6NYlbfkN0DKW1Yl_jqPW-kAXv5hkQkrYEYrG5kryUkHKYsMwpqSNgX19EKMZpPth5kIiSXQ82uJGjoIIC5mag7rlg3PkA9hCATsGEGGRu9JkrQLbUvGLw5wBTpMYBtW78Oy6PNoPIT2BTZJ9DYxs4J6C-2eqrpaeYdJzqtRE4Xl2PCQcXXDNsZSJdhAjdAVwxUKwHFQHxxXLZpCv0_hGkXZ5L9Exxwldngu4NB5Mr8WdtAcW4tTl0LvRhCjWWZUPifehWOZfSf4bkYPwjsd-FROVDkO75yA1_rSSw_ih2M2DOIQoRIA0vOoQye4vVBsyvkgwgwOLJRq4Z_Uip9OJXiak6vKSE52VkBUjcCZsOmkAOjdt9yFZvIAnYh8w-CX04RA9tl6sgLkOxV8D8i4crWM3lLBCGw-riPby8JQTbsiCqEB-JHdMRE55A5F-DdVhEhfVNx0fUJ688OOLMiRAbr0_ExAVMpcWNcbVjNMmBQAIZeh9MXvk5ts7tO3Y1tH6QL_QS9kPRBW8UhFwPmnzA==&xkcb=SoCC-_M3MPXDCmRuRp0FbzkdCdPP&p=14&fvj=1&vjs=3,AGL Training Ltd,Telford, 1 day ago
180,Neighbourhood Officer,https://uk.indeed.com/viewjob?mo=r&ad=-6NYlbfkN0AE6r8UI7JY7CtI_PxWiDFd4Ji1yROTSp0pLR1iCxwbUUuFJNXHdMqC0wLOWADemDk2I7xRtFvFV51E2jlwebx5TSRxyP1_Cyv8GEsXmhLNzP2aVMpkFGWv0mjiCKPHeBgDopmp6KyNRcvTBnE-ZWHqOg2YzdwnrpcYv335xOlfhRMLzWv9YyqNZEaeKEXTlZUZ1_D5pcxy18Gg2o9u-RbvZq1Oudn9r2gsiVTv0UDWBQyTW93uCitOtOajufUk4zKR_MbyCVgUG9B2MDlEPDzH-cfpBnJJIYntA7D3BsBDhdHMeY5K2n3K2YBxVkw8YZivKjbXR1fFFKd2-TQfeXSaxGkpFBE5RZevUvqCEGH3fuC-YKSk_38V_otTexvE0NZziSRrRtEC4aNsA2K6RwjaTQdObWXADXSLirp06GyOCupGEaPjJSr15luP4wRfgfnTKe0Yd5NzcXp1mem9EhwUVWfw7IQouVNOPEfgQjpUcw==&xkcb=SoCW-_M3MPXCzyQNC50LbzkdCdPP&p=0&fvj=0&vjs=3,Joshua Robert Recruitment Ltd,Remote in Shrewsbury, 1 day ago
181,Electrical Fitter,https://uk.indeed.com/viewjob?mo=r&ad=-6NYlbfkN0D2rYH4q-SXdzb04JQdFiHRreP1ZGtRaHKQgM0wz7q9cyFvl6yEQfQOM6TYtSDUo-bzhBZbfeSnuizwiPYIuZGgNDog7NPTrgB1BWFqBQJcEp067YLJcCb_lhpLtPWWDDGq940ni8p_8KzJNz9XKjdy-KrP7hNCXXO5WNdEtwIb7bagUyyEsWSd6_6ahg-J9Rg62rKPrDjn8Gz9g5jnE46PfCWE1MEAO9WQ3JWiKU6BHGmVTeo_nWP7_S0v_yepZRvMz440sZl9HtpWSr6CRBs3mbb947rdVauqIfkDGR1TBmq2fNiU1D8u3H5dAZqdngIelsTLjUebFfEYt6LmQ2I88YOcs-4tVYW-vC-h4yXHvIEOJJDeqoHQSvb8g1iMZ4KAaMxV3B2Ck9IXTflMf-VqGqSRgfKdu6R3fcYJtyVk_Pcb-y0NzrKCiCKHqoXbXLNH95z-oz9zVYZapEeRfF42B-aKTS5kLdR46FoAvW5Ob2G1Bg5MiVJPhfK2iMi2jR8=&xkcb=SoAi-_M3MPXCzyQNC50KbzkdCdPP&p=1&fvj=1&vjs=3,Hariley Solutions,Telford,Today
182,Flexible Cover Staff,https://uk.indeed.com/viewjob?jk=e4d02a42b98c6fb8&fccid=8a6bb9cb66da321f&vjs=3,Protocol Education,Telford+1 location, 1 day ago
183,Children Support Worker,https://uk.indeed.com/company/Wolf-Recruitment-Group/jobs/Support-Worker-e92b1bf0dc13a29b?fccid=8f4fd7879c335768&vjs=3,Wolf Healthcare,Telford,Today
184,Assistant Head Housekeeper,https://uk.indeed.com/viewjob?jk=5e56d9c10aacd40e&fccid=1bfd335bc2f6e7cb&vjs=3,WGC,Telford TF3, 1 day ago
185,Head of Finance,https://uk.indeed.com/viewjob?jk=42f620ca2569f289&fccid=ca405b03ba8d105e&vjs=3,Butler Rose Ltd,Telford, 1 day ago
186,Painter,https://uk.indeed.com/viewjob?jk=c7441ce596b89ec9&fccid=1b32a0a29bcfd709&vjs=3,Linsco Recruitment,Shrewsbury,Today
187,Early Years Educator,https://uk.indeed.com/viewjob?mo=r&ad=-6NYlbfkN0Bq4UQ1U39YowczMm_HP40YTgDXkK6a7tlwhHWZH4zVEdjnwIFVOc8lHRlUcaXf-g1pTi8x38bIPx467-2ll3DkNGF6Ac_R7ohFStBtY9iNpxaSGMtZ_CTQQ2DIj7HcNLnJBg4yQpsO0_bgzy4GbbMhOdg0fINbtR9rKZl-nwRJ7GMN53x7kt87RPs-8OnqyOxaxqh58Xg6uhcdW6f05CV7RWQ46qefOuCY47XPaP6-Om9ozug_i1_HwtLEIR-cVxbLpJsflCzNwcSxMmLY7R5jeYws8RoiZPMng0WlOtyo1qSnC-ZkQP7W24opvFNjhIGROt4p-GMfVWD2zMWHwOpCC0FuS9hO19p8NHOPVfoT91JQDMXK7Uq5INdobJn-ajCZuWDgFGqIlgUJTjBCkIwwo5I17KNcpB2IHhrpNejOBw0h61Ql-3jomZXI-axDnCRvzQCgo7lQXTLGqqNuxT4-YGALadN91Tw=&xkcb=SoAY-_M3MPXCzyQNC50MbzkdCdPP&p=7&fvj=0&vjs=3,Fennies Day Nurseries Ltd,Norbury,Today
188,educational Care worker- Support worker,https://uk.indeed.com/company/Now-Education/jobs/Care-Worker-8b1bab21f4d6c4ad?fccid=cd14588072df0a4a&vjs=3,Now Education,Telford, 1 day ago
189,Greggs Supervisor - Church Stretton,https://uk.indeed.com/viewjob?mo=r&ad=-6NYlbfkN0CPSOaxAJjbA09CGNCUE6lWLZYZJEdGTzKb6hfqcBEUv4P_jqgSq7vbrWzEP1WAgji6VudjqdehzoyjbeM2zOwMBpCXaczVLFU12pMCPOvz2qOJ6mstMX70M-RfW1hyHujgStt8ajzW6f_Qus269sl4MK-erCJn1VUoe4J6pbBKCqgH01I3uLOY4Q8yOppukNk9hKazCqjJgsQ5Myfmrut3gl90tW500eYRJmmvT7zOXyxHQV7EST64mlOm3QTnPaLsgHSqZl8SmqR3Gan1csi0kGHkGvArLOK13Bh1UZ-urGsAXZt8nZ2Pdx3KakmW54KFlI32bjtwcjy6JNvRKfqlRYj9jYpSAZCyRrCUKSSpxoRJjLDdNtP85vt3cahjSdbQ2fPf6avd8PWXwIvHJEQZBXOEc9zKmLz2YiqZpH5sN56tQTpDcDYpKGXUSoBea7hjvLhe7SACP9UtoXtYBEXj_rLLdaHx_l5pdi5-TK5yqWiTds-geIrGur9VGeIVqT-pkuYmiO_2huVUefn2ZQJifNlgEKQVIrA=&xkcb=SoBF-_M3MPXCzyQNC50CbzkdCdPP&p=9&fvj=1&vjs=3,Applegreen UK (Petrogas Group UK Ltd),Church Stretton SY6,Today
190,FLT Driver,https://uk.indeed.com/company/ProActive-Personnel/jobs/Driver-ecef09008a3a60a2?fccid=4b0065248a08cb23&vjs=3,Proactive Personnel Ltd,Church Stretton,Today
191,Powder Coating Apprentice,https://uk.indeed.com/viewjob?mo=r&ad=-6NYlbfkN0DKW1Yl_jqPW-kAXv5hkQkrYEYrG5kryUkHKYsMwpqSNgX19EKMZpPtoOX1q13rKZTbRj6zJWqJIbTLUe7m1guPu59Ln6Y_UF1wWRuE9-pXiTqY1s0lS72q8feCT-YlmR0S2eChrcN8zSiwsb15mubcrEMnSu6_7eX6-CpkdpvYADXKAO2PgKTHE226WiRIMGdA6SQXmpybHKgYKZedb1Hm6TWsZ-5UvLuUYqzn12klURdsZxFbw7hjWr7qnC_jTXnS1C7opMiD5f92p6r0oEeLGDWRX6FNYhVgRQ5RUXspcltDU-lGCFQbkPIcJzj0BJrJCALwJgIO7gLYidFh6lk3P8yhu0dWWECVHsaX4BaKSYLhbec9vDB0PyHCyuAnggszCsggD_nZvuy6mJ7j4leALhLiNkxKsqCZHCyTAJSksSaDlWVZJYTWrBqxoz8voESRFTNs6ua19aF3lQdVcjc2XKSfYOaDbltVo2hecHCv_FJSRTGzaGK3LHWRrQS5LZvRmBg2CiZzG4T4Wv3uhJEQ&xkcb=SoBn-_M3MPXCzywNC50KbzkdCdPP&p=11&fvj=1&vjs=3,AGL Training Ltd,Telford, 1 day ago
192,Linisher,https://uk.indeed.com/company/The-Recruitment-Group/jobs/Linisher-9517edeee898f30a?fccid=2d89e54ad8ab9f32&vjs=3,The Recruitment Group,Aston,Today
193,MIG Welder,https://uk.indeed.com/viewjob?jk=06eb4ffcf5d1f6c2&fccid=6a1569fa1f3c2eba&vjs=3,Recruit4Staff,Shropshire,Just posted
194,Events Marketing Coordinator,https://uk.indeed.com/viewjob?jk=a0e3c5b14c547d44&fccid=d170a0651f3d3d30&vjs=3,Travail Employment Group Ltd,Hybrid remote in Oswestry, 1 day ago
195,Accounts Payable Clerk,https://uk.indeed.com/viewjob?mo=r&ad=-6NYlbfkN0BLL7Rfj8rWtLV0D-P2T1WNutwjCqtfx_l3ruvqFleWjAfhtBGPhbypq3O50lT_jz9b2mJqooWkmwZUz77Up7xIEbHtSVtB9nSLlUWJcMzMPgPVwh4apNCyjcBP04JPd4pxy8zBxYTfy5LkzFoqfP0qySamezxEp2OMRFcLnWJlacqTqw2jybiNlBU4fcw0byMkgCjs9-_mJ6JcLrxvbhtp2fah6T93rDYalvTvDcupNpDEFpXUMpizPHu0mbGmHBhyfPn79zDi_y5d6KFnM6t_Bo422Po6F0nZjCz_n6vgWsABPbP96jwjFadXfpO-Nu1JtVkAfv7S44aYu4qUuwrdG1OPJ9zUFOXn2TvqpmfgH7TFdIWDfPG4SWso-99iNc1iwHHjwBUKMnmwL4sBlmlEcqiyDrHJTQAfdhqftvx5AA6bPjtlc-d9xjB0qsGekL-ME33SN9A5foUieGYdlpCwtFYsGBHXTKmlGG8QfEeyBUoWJ__JawAOgtjeQNFOvTJYda_18l9gpg==&xkcb=SoAs-_M3MPXCgAxuQJ0LbzkdCdPP&p=0&fvj=1&vjs=3,Forrest Recruitment Ltd,Whitchurch,Today
196,Marketing Coordinator,https://uk.indeed.com/company/Hariley-Solutions/jobs/Marketing-Coordinator-6a734e0988c9273f?fccid=718e55146ebe89f5&vjs=3,Hariley Solutions,Telford,Today
197,Service Administrator,https://uk.indeed.com/viewjob?jk=8e412e337e0f47ce&fccid=d170a0651f3d3d30&vjs=3,Travail Employment Group Ltd,Ellesmere,Just posted
198,Linisher,https://uk.indeed.com/company/The-Recruitment-Group/jobs/Linisher-9517edeee898f30a?fccid=2d89e54ad8ab9f32&vjs=3,The Recruitment Group,Aston,Today
199,Plant Operator,https://uk.indeed.com/viewjob?jk=3d5e29e8c926d9e6&fccid=bc5afa013c617a43&vjs=3,Stericycle,Telford TF3,Today
200,HR Advisor,https://uk.indeed.com/company/Marches-Academy/jobs/Human-Resources-Advisor-3becaee257436e39?fccid=2d4e61b45f5802cf&vjs=3,Star Employment Services,Telford, 1 day ago
201,Part Time Shift Supervisor,https://uk.indeed.com/viewjob?jk=72e0cb86eeb45466&fccid=5be13cc7645003eb&vjs=3,Sizzling Pub & Grill,Shrewsbury, 1 day ago
202,Field Sales Representative,https://uk.indeed.com/company/Utilita-Services-Ltd/jobs/Field-Sales-Representative-caca3ff61fa45f46?fccid=b360fc2ddb2a1701&vjs=3,Utilita Services Ltd,Shrewsbury,Today
203,"Bar staff / 2773 - The Wilfred Owen, Oswestry",https://uk.indeed.com/viewjob?jk=a828e8472f88272e&fccid=ba4da6467e7e64bf&vjs=3,J D Wetherspoon plc,Oswestry SY11,Today
204,Flexible Cover Staff,https://uk.indeed.com/viewjob?jk=e4d02a42b98c6fb8&fccid=8a6bb9cb66da321f&vjs=3,Protocol Education,Telford+1 location, 1 day ago
205,Service Advisor - Knighton,https://uk.indeed.com/company/Excel-(automotive)-Resourcing-LTD/jobs/Service-Advisor-a67a099671bfa260?fccid=0acb08fb84c62720&vjs=3,Excel Resourcing,Knighton, 1 day ago
206,General Labourer,https://uk.indeed.com/company/Fox-Construction-Recruitment/jobs/Laborer-06f2370bcffec5cd?fccid=7ac7f2353f119754&vjs=3,Fox Construction Recruitment,Oswestry,Today
207,Kitchen Assistant,https://uk.indeed.com/viewjob?jk=5825343515cc0fb8&fccid=c55f4ad42cee2cd3&vjs=3,Compass Group,Shrewsbury SY4+1 location,Today
208,Carpenter and Joiner,https://uk.indeed.com/company/Randle-Building-Solutions-Ltd/jobs/Joiner-7865881a785c1000?fccid=cbaa8f4a2f8ee8ea&vjs=3,Randle Building Solutions,Newport, 1 day ago
209,Painter,https://uk.indeed.com/viewjob?jk=c7441ce596b89ec9&fccid=1b32a0a29bcfd709&vjs=3,Linsco Recruitment,Shrewsbury,Today
210,Carpenter and Joiner,https://uk.indeed.com/company/Randle-Building-Solutions-Ltd/jobs/Joiner-7865881a785c1000?fccid=cbaa8f4a2f8ee8ea&vjs=3,Randle Building Solutions,Newport, 1 day ago
211,3.5t Delivery Driver,https://uk.indeed.com/company/Wild-Recruitment/jobs/Delivery-Driver-9e64fa950a8b5d62?fccid=eb9a27bb2b829cff&vjs=3,Wild Recruitment,Shrewsbury,Today
212,Mechanical Assembler,https://uk.indeed.com/company/Avid-Personnel-Limited/jobs/Mechanical-Assembler-881607ea76487d63?fccid=c94bb418522f40f4&vjs=3,Avid Personnel Limited,Telford,Today
213,Loss Adjuster,https://uk.indeed.com/company/Hooray-Recruitment/jobs/Adjuster-a61239610a482a8a?fccid=3daca4a7c9d38f40&vjs=3,Hooray Recruitment,Shrewsbury, 1 day ago
214,Head of Finance,https://uk.indeed.com/viewjob?jk=42f620ca2569f289&fccid=ca405b03ba8d105e&vjs=3,Butler Rose Ltd,Telford, 1 day ago
215,Housekeeping Assistant - Care Home,https://uk.indeed.com/viewjob?jk=03ec55f3fb7bc3b5&fccid=13ceb02266f23418&vjs=3,Barchester Healthcare,Ludlow SY8, 1 day ago
216,Team Leader - Residential Childrens Care,https://uk.indeed.com/viewjob?jk=32357f24ba34cfac&fccid=ec2a9618f4a80ea8&vjs=3,CareTech Group,Cardington, 1 day ago
217,Sales Consultant,https://uk.indeed.com/company/Easy-Bathrooms/jobs/Sales-Consultant-d0c9622790078178?fccid=5321ebf79e10b62c&vjs=3,EasyBathrooms,Bridgnorth,Today
218,Events Marketing Coordinator,https://uk.indeed.com/viewjob?jk=a0e3c5b14c547d44&fccid=d170a0651f3d3d30&vjs=3,Travail Employment Group Ltd,Hybrid remote in Oswestry, 1 day ago
219,Accounts Assistant (Purchase Ledger),https://uk.indeed.com/viewjob?jk=937b2ff3717c203b&fccid=e6e73884da7b09bd&vjs=3,Sheridan Maine,Hybrid remote in Telford, 1 day ago
220,Accounts Assistant (Purchase Ledger),https://uk.indeed.com/viewjob?jk=aad9360b32a6a3f3&fccid=1976b8742794eede&vjs=3,Pertemps Network Group,Hybrid remote in Telford, 1 day ago
221,educational Care worker- Support worker,https://uk.indeed.com/company/Now-Education/jobs/Care-Worker-8b1bab21f4d6c4ad?fccid=cd14588072df0a4a&vjs=3,Now Education,Telford, 1 day ago
222,Assistant Head Housekeeper,https://uk.indeed.com/viewjob?jk=5e56d9c10aacd40e&fccid=1bfd335bc2f6e7cb&vjs=3,WGC,Telford TF3, 1 day ago
223,Children Support Worker,https://uk.indeed.com/company/Wolf-Recruitment-Group/jobs/Support-Worker-e92b1bf0dc13a29b?fccid=8f4fd7879c335768&vjs=3,Wolf Healthcare,Telford,Today
224,FLT Driver,https://uk.indeed.com/company/ProActive-Personnel/jobs/Driver-ecef09008a3a60a2?fccid=4b0065248a08cb23&vjs=3,Proactive Personnel Ltd,Church Stretton,Today
225,Accounts Payable Clerk,https://uk.indeed.com/viewjob?mo=r&ad=-6NYlbfkN0BLL7Rfj8rWtLV0D-P2T1WNutwjCqtfx_l3ruvqFleWjAfhtBGPhbypq3O50lT_jz9b2mJqooWkmwZUz77Up7xIEbHtSVtB9nSLlUWJcMzMPgPVwh4apNCyjcBP04JPd4pxy8zBxYTfy5LkzFoqfP0qySamezxEp2OMRFcLnWJlacqTqw2jybiNB4A_ez5ZCGG3xrjJSKEqNJNKsY6R2x_bJCwvOVefl_aC7PbxxKGQAmMwzo2qI1kUlNAszWKo3C5ZzlTbB_g878OmRJdSHSqNBOoJomhh4VWtjlGPIEk125a5sLB7yFr9Nji-o6j2sbb4x0xzt9MyT33KDoSG6TfPftpqfoRaQPnTOBBi0jf6q8g7m4Aa0X51gl1G54XLzIz132WPdlOUZV5iCl7ewByA4sDCy_nA338WiZhPEUhpxvUQkWOemTgPm_bAeQIoJD7NUO4C7leqP-NAW9oDPyPfOjXe_BcPXfDdsHz04yoRRZKoHLyH9tu-IJWt4IbiJusR_hdp7eORPw==&xkcb=SoDp-_M3MPXCIvgMJz0LbzkdCdPP&p=0&fvj=1&vjs=3,Forrest Recruitment Ltd,Whitchurch,Today
226,Night Shift Leader,https://uk.indeed.com/viewjob?mo=r&ad=-6NYlbfkN0A75YVKZpln4_2gcE6i7QlsOLXoI9Dq61mlm0oem6EuxMHdOpnG7R2muJb1TdmcD_DonAq8K-94VV00eUloQCzpw-_AnIaErtON76FA86Z5hjrWNVmaHmFLQMg-vpZDwUjS7hIi7Oji2VCllLqNveMLUfn4Qpi45mZBZ_JL2w5x8JPu4UnQFT6yAjvyoEDJsTTJp_3OkmcCWdxnooIwvzWAOl-uRm2MaRtrYJ8mEEiIcxzvUFKpWbjg6OqrfgR97SpSn_1QOf4b2esrfW_R6DwkXQ8cB_k7_OODWW7-30pavSTb4VJvCV1fnlQi0M2NTXKKvxr_1FeX4t6QpG82QxZirAkj0Q689-L6xFYSKY6pj704u5vX2ofoEt__sAVY8CsQFm5ipHuQHYCsF5j5GVd1lACMGPtJDSxu52saMC62wqrt096yeIRvNQfP5IdPirrZgLrVXyJZiXm_uqgtLJ9AGDFD2pRsWxmEH3spTfGfbtQ1ItpbFO2fOXDHbo3VpXw=&xkcb=SoBd-_M3MPXCIvgMJz0KbzkdCdPP&p=1&fvj=1&vjs=3,National Recruitment Centre - gap personnel,Ellesmere,Today
227,Residential Support Worker,https://uk.indeed.com/viewjob?mo=r&ad=-6NYlbfkN0D10ZcEV_vBxG5p95crueSmPrInWIgcwz3AYKV5ZgQh3fuZWacWIZCEN1GPV4XXAzlZxHONGkqEJxcjlCQqip5kRKLWVxnjNR6zw7HZxZKO_OM9ne1Nqs_-uCtbR7UjD_gFc8VOW046EuilE2Hhntko7w39e2xSfpWTbNYVnO64cHlgQcEt2LTaDsMKZheUiYerKfAb1mJDpisfwxTqwsjcmStvZQXVmm7rFhMXSsxHdUOEN1rJ1gS-rZNG1FDcD3M6wQU2JGHl9bQRo_cPOZKDG6eXAHnzxrQWxvD7DPKpLHqmmSVSHhEIv0n4fGVj6gaD_i4lPMOMXTLFgwT5u2SN5wGJ_hsU3X7L1xL5YLlYN3LWbxGlZu8gx03IrCKzJexurZWTSbhq03TFWWpxRgZuLwo1nO0F9ZdoiSrZ48ys8qkKZU8B27yWC0TmziJwQ-RYDxUZcv1h217jMI4eQmsRnTCeHqkWN8A7hP_DGBBd-mgdcSBT1v3QcTak_a2bQ82M0fdmV-b7Cad2KTP_ovesv2x0IUV-ls8=&xkcb=SoDA-_M3MPXCIvgMJz0JbzkdCdPP&p=2&fvj=1&vjs=3,New Reflexions,Shrewsbury+5 locations,Today
228,Field Sales Representative - Shrewsbury,https://uk.indeed.com/viewjob?mo=r&ad=-6NYlbfkN0Chf2cvb7YQx4CgUM-KGMT4Ik4Bo6bbpIBbiAzl7nuN3QwaL5Rp0wBFAc_oVy4F-6fv5SBfHj1MjLOFC1-3TrKJQVIYNegG5gLkaolDU9wp22BrvmfMROc4r20FZcQ4hN0tJYKuTR0wHdmUcfDxOUlDJMaDnNEFUgYHA5csFCU_b6wDVrMZojOvsBMVEqyECs5b0FXNnRUfI6slXlDu-6CG-0mqKp6r2k3mTyuwyu_sIWwebndSCHQ0Yp77Q6sevWkw0MpUHDGa29CsIVavlCUm8Y3KN9KxM5-qX1jXMH1R03AiGEUnU53bKzPTwCQRnLFTpVFQgJpKEW6lyDB5wn2acmes25mOvAdrGNntNgW83oblK5uUATub87pt1lEHn_RWanUR-d_Kuk9qQt1FcorGUcQPWnZfNo5RUECCAOfWnybfWCHZsQwc9ai-7iWnrVw5H7OdJc1uWkXhnDFPhIRqy8VjKhbfYq_lp7OJSbCZhZdj6y1M1zdXPUCWMCBtj0Om7TTSr4o8wTO26oTJXqIm9S3WCKbnEN7zasn3s93APQ==&xkcb=SoB0-_M3MPXCIvgMJz0IbzkdCdPP&p=3&fvj=0&vjs=3,Brantham Ltd T/A D&D Recruit,Shrewsbury,Today
229,Press Assistant,https://uk.indeed.com/viewjob?mo=r&ad=-6NYlbfkN0BDycD62TOkzAlsELy1ukpjfXnCrsFzsrgsIyoIEYiOrS1HKJDkXKv72QhznHDMZEa-KFgAtH16P3CxgKSIN6G96GxGi1S2quZOmXzEfrgt7mwaZ0IWYbzn_V9XHwi_X3Kyn4QMXIGboj8JxMZ2VhmNmB-zz_b0gJPvpqFo3oloXw_bU30wsg4ZNo8sVCycqYHHZj_wXwdqpOvUsp6-IrQD-Illr7AfuLWy8rmvehVw5V0kcun8S1B2g9Vr8kZ17o8a_nyZj1fqP7JlkYHLL-SmIkg0tCyI3VJy5HKYPMDMYVB73uWpMBvCYIS_kRT2UxrtsAji_XAgxfWuy0RpF9TvZvQRz83TF8Z63TQJgtFDvkTEbFMfJ0fNFVFo0kE40P8imknrMW9-3hMI7IKs0tSlGSMsXpq0kY3nTPtDCXccNkTAEtZ0JvXuq4Wx8G0gxHTsG4tcpKcsofnDNcbpnoH3JXGA4gG5u7efU4Rh4rl6edQ9TwQBh-GgVeMlaGRe4C0=&xkcb=SoD6-_M3MPXCIvgMJz0PbzkdCdPP&p=4&fvj=1&vjs=3,Jam Staffing Solutions LTD,Telford, 1 day ago
230,Support Worker - Choose your hours,https://uk.indeed.com/viewjob?mo=r&ad=-6NYlbfkN0Cjodr9ZbPKcZVgf9prUws_xaj6VauqkkZcPjYb9xhOUlunhBi3Zx_NtgdAWy8Y3aSo4NVEhii5mELBF4zBUDMY6q_LhbOE0vGlW4rT3Q1drxNWuG6Kos1YcxLvk8t5qm8Rh9ewhaSbsIEUkIVYOhIIodEWYWUi40FQIQq6U9mdO_LEIrcBeAwOf7LnqlfPfGhjrnipmr5OYtZKJGzaMoFFy783xY_SYPSOJima7wjQrMzX7HsV7rw136mH_HMP23-M3kSDKqmLBJn-P-jjDN0infpMPJm0LywDCqhHW3ILsdpCjNUn6TC7l6JN6peq11j8CCmacLCYVZuuQlOJWI68xuHyV-8LnoEvrpliNWdltUTXMRt1_ZJ7RjoDvgGkHam2R4zc_Ghu7pxPy3vxnZiYHk-HAyourgR9p674tCZd5483ceNokKSgXqiIgKsOQKCXP9FDD1qjJiHs62lzes8Uu6RMQHhDVr5WKB6OVNxS92CARm8wS0kl-IIFVtJw5H0C1V27GguvWf4LJNkgMblguVnIeBiqtYI=&xkcb=SoBO-_M3MPXCIvgMJz0ObzkdCdPP&p=5&fvj=1&vjs=3,Dean Healthcare,Ludlow,Hiring ongoing
231,Collections Officer,https://uk.indeed.com/viewjob?mo=r&ad=-6NYlbfkN0Cg7wvlc5q9csd79-rf_6aojqG9NPKyKNZYLaE5cTAe1E8x1kPRud45nY5o2Gvs69tUv1YQ5HIWXP4WOn-URNO3-5zcZbXzJtqorZeQjonPBaZnQTCc_2yvBeOPxMWzPDLmNdCjk3O3cISpBvEoPsp8Nwgf2vlnbn-KhPX1fo4tP7TEaiBC3D61NTtCE_Xe1TrCcwtDMb6Qji3Lo9TPpa6tlhUT-3odayj7vztL3Iw_xLOK1-3dAPFc8adCb-Hk1G7_MCTtMs6ZBuLl2YU8wO2rMjG6HPu9p-PfOiDqFa9NPi3S_m6z3DH8iKA1eppQeJ4-71O9sJevZ2xDhG7uG_S2PsphhpbANthGs6FNuGak8bj_XBnEd2FM6oA9oohDNdFPFiRgS0Cpthpo9kuyjpl8xYa-DS3ae_R6Ro7AbS5mXqhRe6LdVT-cEGX_MgUUkT-YDfhvAVCXzQ08bfCGQtlFZt_e9Wl4gXPO0T-z2xwVKGqCQ2s-Qn2E&xkcb=SoDT-_M3MPXCIvgMJz0NbzkdCdPP&p=6&fvj=0&vjs=3,MERJE,Newcastle, 1 day ago
232,Children's Residential Support Worker (Learning Disability),https://uk.indeed.com/viewjob?mo=r&ad=-6NYlbfkN0D10ZcEV_vBxG5p95crueSmPrInWIgcwz3AYKV5ZgQh3fuZWacWIZCEN1GPV4XXAzngRftfziyjnFAoGh97ocj7-7dUgtmsp08xPm5JpohOYvNjSxBPHq0e5q_OlnPEmD0UAasOB459XfAFboO3tm0zyFKB0oUI6hIIiOnrGm2j8MSnUjgJLKUGAEpfSP9MEXN6RTjnHwu6sKEu5Q5qqcv1iTTpHpx7Ah0-_6Z8vSVmEV0hauNAOai763ApVhn7XDl6zRbBzh_50d5zROAcPnenqm0JeSaOcU3WKWZYRnOwahgmteKM8jgo2HKIE_8QeDuG0wKbFOdmjjneE5YcfYPR31rN5cCz3FuFEoT-K3FhwZx5Q5EySER6fdiHrg6EeqXgWwMLBfjtvPEa4-wQB41r43W0c8c3JP4Y43mUHuL5uV1MdjWnc4gN8_jg9gXqIXr7PZt_vS2o3mz1RpYtRrAn3b51vz0w-OCUTTtaPedXAHDntbeoxobDuy3k0i---1orFSnvcH4Uh1JomM5cxs0P3HKL6yPvhnrYYnaLxw95zVU3CY3nNOwyqfoq3MY6NfE=&xkcb=SoBn-_M3MPXCIvgMJz0MbzkdCdPP&p=7&fvj=1&vjs=3,New Reflexions,Shrewsbury+2 locations,Today
233,Strategic Planner,https://uk.indeed.com/viewjob?mo=r&ad=-6NYlbfkN0DOUAdC0AJNlrJ0jqqqhfu610oOLbC_HGt8X7zq3mNo8jtr1mmzYh5viQpzhOZ7hPsB_BNY-FwZlZ8oAshl8SIH65wPRQstptbX1IUJxJ2hKXj9Sp0umHHkRioQp6I9BSS4JDWHzkfnT8bKiAzGgZfRtIATwtJEy44-3q_IY4yjVh-q4Qn8IlrRt2lW483F5XPcJdC6H4XL1_ZDc5IbJued_OEpskPTWTu0_Wj5xHyYN93PBl1aL4MN1-s2DSpTa3McO-dDuCRKU5fgfpuXXDwOACl3mNG-bTYqGA5NZDzHOO-tKd076dwV45vwob8d_Mhe9Vnq-6qFjAubOfnFrNPf6UfoKApuOUqPmTH13VKDNA8oTY7KxGgkgges_4zmdICzMlB4WtOqfgUWjh9HXC_DI8V2FSr4GAygtKsDFyOO5RiOHT-a3HQL816CzgBHkzvAuYV2U0lSoNzD3cmb8csPsoptciTN0hfyPyleLTLT8qEESTSA5T7I&xkcb=SoCO-_M3MPXCIvgMJz0DbzkdCdPP&p=8&fvj=0&vjs=3,RE Resource Group,Shropshire,Just posted
234,Automotive Coster / Estimator,https://uk.indeed.com/viewjob?mo=r&ad=-6NYlbfkN0ABNvL4g3Jqax2yMa28i1_ZRhGFttc89sVvrIEXwDICrSYW4-_yOuB-NSyHpsM6m6N_zVoA6pWbMrt766NrxTYXXgRcD6bcyurh-faiQfw35Jo4EK6FjTB3GTZ0sIXqq0GbUsDriPaHWZoBn7PbediJp4GUpTYIJ0RPYdrH_j2trAVoqfaDA67FBmBPEz6FkZMH5uTnO-u5kNe12MlD4zYaDt-Hwbm1PuoLOXRtZN_gdm7M49Grkp7e3JvwfUrZG87KSc9c0BxnQuXWWkpVkkQ2knrIe1j9YOzPfQfgaZo17bMpAqVQ8NL2Ltxixnh1oBfehCELT2dP7z_bgd6Cl_nBIw0fOFfyACc1zCk6V5vFFFAY8jNs-YNSbut87B-JWMow8jFEGekYZIeMnZDEptJWlgFpCzgPpO9NyL1ZE6kPKSJfau8118V6rZ6IKreRY2pDHKQGI5vMlRx0s0jELcggs4tiR8IicEcQAMi4GwQH69OTvme2gsIqD52rxhQAiuzUbA0vgI4NyrGg9uRVUs1FOzmcEogq3as5EtQ1wBV6OVTmomaFRxrssq4xK07JvgA=&xkcb=SoA6-_M3MPXCIvgMJz0CbzkdCdPP&p=9&fvj=0&vjs=3,Manpower,Newcastle, 1 day ago
235,Door to Door Sales Rep - Telford,https://uk.indeed.com/viewjob?mo=r&ad=-6NYlbfkN0Chf2cvb7YQx4CgUM-KGMT4Ik4Bo6bbpIBbiAzl7nuN3QwaL5Rp0wBFAc_oVy4F-6fv5SBfHj1MjFU2xgo3cFuZ1eKUV648P0nbR7SCqlUU8pQiDtwC-e4Q6XuHbBK2M-D8mmb4AW8Ve7VJdJAdN8Z1Us78crH9rVMvb58sxOAwL1nBTQBHuwJBM0QxnOfHPG0Ll6jP6nolZABuwU0CkMKS5PpQZ6dQtvbT2Eh_wg7VSBOND7sdDTw84yhBIRXF1r9k-bZTmMXl4VAzViJkwugO2gnLdB7qBg2i6nqG0mlX0u1Ra-9Fp-DAHgwnZMr8-WtkA7ue8m25lt4AVYKYxbuG94Qu3cDcSZsAEndLcGkGKoAfTZZwv_kKt0qicHrFiC2cO6ImCVDJVeUB_zp-ME9EflgAQ86SZL844n1pN6k4ILLJ2o8MvqDzTPMadblnqOYcYr6pSVydb6Bii7DNckEQI8AmYdle8NR9Jbb2d6DLlMg0vinpIiFoQPRQzkMYzvtp4L-cgA8Y-iQ2NRV0fsyNqZOW8ZPYvApb5jy-ACiK1Q==&xkcb=SoCn-_M3MPXCIvgMJz0BbzkdCdPP&p=10&fvj=0&vjs=3,Brantham Ltd T/A D&D Recruit,Telford,Today
236,Collections Agent,https://uk.indeed.com/viewjob?mo=r&ad=-6NYlbfkN0Cg7wvlc5q9csd79-rf_6aojqG9NPKyKNZYLaE5cTAe1E8x1kPRud45nY5o2Gvs69tUv1YQ5HIWXJTvAZGhjnBStiNy3vv0ipzcmvgWLNY91DLpS3dxdsTpzA4rOCm5kFm0Sp-af3-hAc7OCGjVG73jXWQOCzZKGTp-ZFWZv1KA9rgjqJEXMUMt2i_7qcfry1G2e6eUpeamzoXvb7mqy1H5b3Xz33GuaJH8Y9Re_82h-hszA48PRFVtjd7JKZPQimuEPYb2KNiN8_I9ChWJmXnfpfJL0ybba07afklr-yYiSXaxerBKzR63meSCzaipPhwcJG2vwI5_9S-l9mjDXEatIWMjvb15LAarNVVyzUmuJEc4314khWnQmZbLuOkqzrFMv_DI_0kdNOzaWUngtIvtQ-pMqe0YIptGt7nYunO0aAwqxZtTDy2HJDzdkmOtNLrl_LKzvftKXtwdvMqvmzjAcISKfaudLocvo7Id5IysaA==&xkcb=SoAT-_M3MPXCIvgMJz0AbzkdCdPP&p=11&fvj=0&vjs=3,MERJE,Newcastle, 1 day ago
237,Children's Senior Residential Support Worker (Learning Disability),https://uk.indeed.com/viewjob?mo=r&ad=-6NYlbfkN0D10ZcEV_vBxG5p95crueSmPrInWIgcwz3AYKV5ZgQh3fuZWacWIZCEN1GPV4XXAzngRftfziyjnBU0Dl43N00TtCrs64AP8kR3Be4ATGOaxpfTcZaIIieeoJ5ttdDiSg8ndNKezp7ZAZACf8ran2tdyzNyfBMyyANtqX8i0T-WuUEOXKoggZTjwyIqU0nsaZ97cOBPVCBACrOb2ZuZJdTFK8BTV6sOcpqjxQLmpXrUzi0MYaSMRvCKo7VoJtFkb6_0lkrcy1f2tR5r08IivolhWbSxdmfMonvvu2rXZkAAk2sMyP8ZABZYagu3vuoVOym1v5WQzk71thNuZR9TUHiJkGsRzzGf2W4nnfXYzdtP0215dAS7kL8D49myaRXqS9Sjk5Rlw9ccj8pES4j4O2HR-dmscOxSF5pKWi201qeRHkLKkf_bCdAUiEJafFzGie_nJkZ6JQ-z3MlyH1p8B8Y6rBnawdZUa0ieQ2wC2DuxK49w2GvzXGFJLDPX9ltDKFCBEBJcBPfemF4OO1RFh0N6OWyqIs34x8IjKPOHNVwxZyt8zL2MDKAeZIG_VsUd6P7czcbCb9nXww==&xkcb=SoCd-_M3MPXCIvgMJz0HbzkdCdPP&p=12&fvj=1&vjs=3,New Reflexions,Shrewsbury+2 locations,Today
238,"Part-time Locum Vet Required, Telford",https://uk.indeed.com/viewjob?mo=r&ad=-6NYlbfkN0DLUHLHvbouweHR1dy9TrMjM6UgjD3jQw4lbGW4BBuSfEQYoXUu7PNmFLgzK_VvdjRTfzjT0AaDxc-6XYISYj7WSD6a6RATqtmkWFU2GmcmVxOir01Pb0eLE4aVfND9f7v1_3bRS4hHC84lJJOxmfm9D9ZN18-ozUqjeUJ0tvBN8FlbaPeylYpoCDJVvzgQye0vd84cRT0urzeMXN6EE_S_S3RkRwKZ-rJPjcRDKZGI6ZqZeTO2TsUHngndvRRgfA48Am40Irmg0OkCHpBqL7C0yiDD69MOFte1tZIlzjfLMepIC1cBROz8eyh2yBZ_GsoGZo9CNgHSatxp8sUN4BvHM1Gjw3_RDiflmAZiL9tqckZ2E7ZnVtKlGowXW37hw59O8k1drXMxTzsuIP4Hf0IlceeSBzhKDN8xLYCL9dXXC1y4KcEMTe8Fc3gJqmOPmtoB4COy66MHE1YN7z7V13Z-TeeKP1twDN_E_axh9hG5pFiDDXmrybTPTtx62FpKZrZlvfVIUXrVPx5qX2lG2T0K9oEJk9-nFI_M7DsyiE3iSQRbPhihCyPj&xkcb=SoAp-_M3MPXCIvgMJz0GbzkdCdPP&p=13&fvj=0&vjs=3,Prospect Health,Telford,Today
239,Carpenter - £25 Per Hour,https://uk.indeed.com/viewjob?mo=r&ad=-6NYlbfkN0CJj_NSEYqLYusFvG92cr7w_RPf5bAT7nqLn1opRR8CdkrskF0KfqvgmMg3qMFqZHSLefd7gWH50pFexxGcpbHz35LSwd4LnYo-2SscClj4g9vWwmWRjS8hE0fNyS0BjtLT9WHAEJdFi5gVbTAdHof5oWPr0hcHTiQakxJQWI38lgw0wpZ3iwMto2bFJwisqjKDeIF1C9pOq7WOqNWttjx_8Hk_Lz5Ii9myBeXuirTrIVqxx3iVlCo5DqGoiMHrtyCdbyyyj9sSFC8nmygeW_Kae4RKZtq7V9j80dxeb-wqeylIC408MyR7HrOCRx7YGp3Y4be3y3o_zBEy8qLqlMElmDo4JULRvhoPqGyo-ZjLC6qeVBVByxVig8S2ylR9Pt8u73bA3bksqEidf3tR8JecvNhh6MZzh7C-pNHCFQlQf3dD2MdPSyyWLjYfJcSO7T7RVmTSdsp1V4M7QDAxBrOnorBXTAd2G7ZuMf--ZHkp1-A1uZa3GtijneE3XfC4doOJr2n8nVy3RxuqsadmJm1i&xkcb=SoC0-_M3MPXCIvgMJz0FbzkdCdPP&p=14&fvj=1&vjs=3,Orion Electrotech Ltd,Telford, 1 day ago
240,Senior Therapeutic Worker Support,https://uk.indeed.com/company/Positive-Outcomes-Childcare-Ltd/jobs/Therapeutic-Staff-Support-055737efd9724be3?fccid=aae77bc73f896387&vjs=3,Positive Outcomes Childcare Ltd,Telford,Today
241,Residential Support Worker,https://uk.indeed.com/company/Edison-Young-People/jobs/Support-Worker-585c0ae2e61d7eef?fccid=cbc320f25bd9c979&vjs=3,Edison Young People,Telford,Today
242,Health Care Assistant,https://uk.indeed.com/company/Staffscanner-England/jobs/Healthcare-Assistant-5902143e68e46368?fccid=bd85f32ed244c99c&vjs=3,Staffscanner England,Albrighton, 1 day ago
243,MIG Welder,https://uk.indeed.com/viewjob?jk=06eb4ffcf5d1f6c2&fccid=6a1569fa1f3c2eba&vjs=3,Recruit4Staff,Shropshire,Just posted
244,Learning Support Assistant,https://uk.indeed.com/viewjob?jk=fb4484dc11c5bb49&fccid=443ca064bc83dbfb&vjs=3,ABC Teachers,Telford, 1 day ago
245,Forklift Counterbalance Driver,https://uk.indeed.com/company/Winner-recruitment/jobs/Forklift-Operator-f86d43d3d75dfa55?fccid=b789320c56c82490&vjs=3,Winner recruitment,Telford, 1 day ago
246,Tool and Plant Fitter,https://uk.indeed.com/company/Hire-People-Recruitment/jobs/Fitter-ffd0000dd95a8b90?fccid=61cafd27772a8e4f&vjs=3,Hire People Recruitment,Telford, 1 day ago
247,Senior Health Care Assistant,https://uk.indeed.com/company/Staffscanner-England/jobs/Healthcare-Assistant-c192c3fc9f1c54bb?fccid=bd85f32ed244c99c&vjs=3,Staffscanner England,Albrighton, 1 day ago
248,Teaching Assistant,https://uk.indeed.com/company/Balfor-Recruitment/jobs/Teaching-Assistant-994e43d65f635f1c?fccid=f0b276b774cece9f&vjs=3,Balfor Recruitment,Shrewsbury,Today
249,SEND/SEMH Outreach Tutor - September start,https://uk.indeed.com/company/Chalkline-Education-&-Support/jobs/Tutor-7f43f4845cdb1075?fccid=1c47c9450b5d9f86&vjs=3,Chalkline Education & Support,Telford, 1 day ago
250,Disability Assessor - Clinic Based,https://uk.indeed.com/viewjob?jk=c4206e11b2f90d9a&fccid=61201e72c5e62e7b&vjs=3,REACTIVERECRUITMENT.COM,Telford,Just posted
251,LGV 1 Driver,https://uk.indeed.com/company/Premier-Placement-Services/jobs/Truck-Driver-56889b1a3adaa5d3?fccid=c52a2721fea75cde&vjs=3,Premier Placement Services,Whitchurch, 1 day ago
252,Cleaner,https://uk.indeed.com/company/Officlean-Limited/jobs/Cleaner-67fe7a801c559b9c?fccid=8a9a3f82069b5413&vjs=3,Officlean Limited,Shifnal,Today
253,Welder / Fabricator,https://uk.indeed.com/viewjob?cmp=Wentworth-James&ti=Fabricator%2Fwelder&jk=efe9f9350856a8eb&fccid=13de334108a93887&vjs=3,Wentworth James Group,Telford, 1 day ago
254,"Part-time Locum Vet Required, Telford",https://uk.indeed.com/viewjob?mo=r&ad=-6NYlbfkN0DLUHLHvbouweHR1dy9TrMjM6UgjD3jQw4lbGW4BBuSfEQYoXUu7PNmFLgzK_VvdjRTfzjT0AaDxc-6XYISYj7WSD6a6RATqtmkWFU2GmcmVxOir01Pb0eLE4aVfND9f7v1_3bRS4hHC84lJJOxmfm9D9ZN18-ozUqjeUJ0tvBN8FlbaPeylYpoDW0rP3uxXgB1sLi8Wb_2i2XBcB1ar67lBqQOWnPEzPDIt8Wol-BjEzW4YMhN3bypoDDG2ZIabCnsLcThZAoh47SQ9ghcsToZKvzZ7JnhD-MCzEkH7qIvpgOMq2AT4cRQgwNfbMw8vOycEEEvWkxS7lCiZynE7S4TXqXFT1uTKGzPBJ2pn3sgco0N2zHaUoq4fTKu6r4Wff9bymka0l3GjqfMegaXKNDAq7DofV0ueh439jNFSLyMYM8UGHp8HT7z_isxF9sRsh1xwwu2KRIOs0UU31q2W9Db8xOg51sD9cK_mp1PW3n0uCCJ-CPaU-C8S37Ds8N6bT4WXH1nG4EHVo1faBeu2__-lluEPza0rMaqqpukTiSHO_7IQqq21uIB&xkcb=SoCU-_M3MPXBkCxuQJ0FbzkdCdPP&p=14&fvj=0&vjs=3,Prospect Health,Telford,Today
255,Residential Support Worker,https://uk.indeed.com/company/Edison-Young-People/jobs/Support-Worker-585c0ae2e61d7eef?fccid=cbc320f25bd9c979&vjs=3,Edison Young People,Telford,Today
256,Team Leader - Residential Childrens Care,https://uk.indeed.com/viewjob?jk=32357f24ba34cfac&fccid=ec2a9618f4a80ea8&vjs=3,CareTech Group,Cardington, 1 day ago
257,Accounts Payable Clerk,https://uk.indeed.com/viewjob?mo=r&ad=-6NYlbfkN0BLL7Rfj8rWtLV0D-P2T1WNutwjCqtfx_l3ruvqFleWjAfhtBGPhbypq3O50lT_jz9b2mJqooWkmwZUz77Up7xIEbHtSVtB9nSLlUWJcMzMPgPVwh4apNCyjcBP04JPd4pxy8zBxYTfy5LkzFoqfP0qySamezxEp2OMRFcLnWJlacqTqw2jybiN4eR7qxxpqSXEJHUlrQZ1lV4HEfhlxJ6L4_tntIINwOuZ62A6_IQ3FYjdreAcgSM4rFDtF3wrZtepMP_j8Y7BdkxcTkg3unv8nk_wA5Nvv-Sg7EHoYVwaE38EgZ_tntDTV5G2k3HVh3Q-yclQWx_OIbOuR60WV1enDLGk04PRBgG-gRo8zJlTvf-L-sQMDxZG8MgGp0H4xGNctIu50Q2gJNP5ZdXjAt56RbqgMux043NOskJDJutJSHI6f0BTGTekVpIkvdAknmszKaFnZ0wDnPpZswHTt0dCxXf_iiQ1DoczlKJxeiZfsQnLtTmGFSKO4zUHpdZfv0LppyY5rowcWw==&xkcb=SoBx-_M3MPXBQsRuQJ0JbzkdCdPP&p=2&fvj=1&vjs=3,Forrest Recruitment Ltd,Whitchurch,Today
258,Sales Consultant,https://uk.indeed.com/company/Easy-Bathrooms/jobs/Sales-Consultant-d0c9622790078178?fccid=5321ebf79e10b62c&vjs=3,EasyBathrooms,Bridgnorth,Today
259,Learning Support Assistant,https://uk.indeed.com/viewjob?jk=fb4484dc11c5bb49&fccid=443ca064bc83dbfb&vjs=3,ABC Teachers,Telford, 1 day ago
260,Senior Health Care Assistant,https://uk.indeed.com/company/Staffscanner-England/jobs/Healthcare-Assistant-c192c3fc9f1c54bb?fccid=bd85f32ed244c99c&vjs=3,Staffscanner England,Albrighton, 1 day ago
261,Teaching Assistant,https://uk.indeed.com/company/Balfor-Recruitment/jobs/Teaching-Assistant-994e43d65f635f1c?fccid=f0b276b774cece9f&vjs=3,Balfor Recruitment,Shrewsbury,Today
262,Cleaner,https://uk.indeed.com/company/Officlean-Limited/jobs/Cleaner-67fe7a801c559b9c?fccid=8a9a3f82069b5413&vjs=3,Officlean Limited,Shifnal,Today
263,Senior Therapeutic Worker Support,https://uk.indeed.com/company/Positive-Outcomes-Childcare-Ltd/jobs/Therapeutic-Staff-Support-055737efd9724be3?fccid=aae77bc73f896387&vjs=3,Positive Outcomes Childcare Ltd,Telford,Today
264,Welder / Fabricator,https://uk.indeed.com/viewjob?cmp=Wentworth-James&ti=Fabricator%2Fwelder&jk=efe9f9350856a8eb&fccid=13de334108a93887&vjs=3,Wentworth James Group,Telford, 1 day ago
265,Disability Assessor - Clinic Based,https://uk.indeed.com/viewjob?jk=c4206e11b2f90d9a&fccid=61201e72c5e62e7b&vjs=3,REACTIVERECRUITMENT.COM,Telford,Just posted
266,Tool and Plant Fitter,https://uk.indeed.com/company/Hire-People-Recruitment/jobs/Fitter-ffd0000dd95a8b90?fccid=61cafd27772a8e4f&vjs=3,Hire People Recruitment,Telford, 1 day ago
267,SEND/SEMH Outreach Tutor - September start,https://uk.indeed.com/company/Chalkline-Education-&-Support/jobs/Tutor-7f43f4845cdb1075?fccid=1c47c9450b5d9f86&vjs=3,Chalkline Education & Support,Telford, 1 day ago
268,"Part-time Locum Vet Required, Telford",https://uk.indeed.com/viewjob?mo=r&ad=-6NYlbfkN0DLUHLHvbouweHR1dy9TrMjM6UgjD3jQw4lbGW4BBuSfEQYoXUu7PNmFLgzK_VvdjRTfzjT0AaDxc-6XYISYj7WSD6a6RATqtmkWFU2GmcmVxOir01Pb0eLE4aVfND9f7v1_3bRS4hHC84lJJOxmfm9D9ZN18-ozUqjeUJ0tvBN8FlbaPeylYpoYzKqXXzsmZq0ybCWLdZURimljq3xfg9Rw-ufb7pXYRmUIQUZx6O52RL5OfBowW-p7n59rsJXIfzSkIXKSuyt04gKG_wOy02TS_dFgb-ToXevuYigJrUJ9P3guIg4oyiaTXuJw-xh0b3Mn6e7a_ztkEyEjmQHwVT4fGWw486xLlHKY33vL9oy7JOpdTaGcxr7Mehw_8uWhTQlg6A8lczGCYBb6fQWo3QqoT6lz2XGpBRIkhjb4QOe50gfryHqZJCFCVGWyrn6_kue1YdB6v8mI0x58MrP6n3BWoVxqMKgCUncvjVmXU4q0RcoF53yXOERU2mX8Hs9KxsGKLuIU9qFjvoVw41N2rPMyvEMTxieg5gJvvjer46THr61vi7M5meT&xkcb=SoCY-_M3MPXBQsRuQJ0GbzkdCdPP&p=13&fvj=0&vjs=3,Prospect Health,Telford,Today
269,LGV 1 Driver,https://uk.indeed.com/company/Premier-Placement-Services/jobs/Truck-Driver-56889b1a3adaa5d3?fccid=c52a2721fea75cde&vjs=3,Premier Placement Services,Whitchurch, 1 day ago
