job title,company working,location working,link
Head Chef,PHO,"READING, SOUTH EAST, RG1 2HG",https://www.adzuna.co.uk/jobs/land/ad/4298744527?se=VPqMVZZN7hGCJeFzLk6SrA&v=05A36ABCB882ACBF7FD45A39AC0526B52297DFD9
Doctor Functional Assessor,SJB MEDICAL,"READING, BERKSHIRE, RG1",https://www.adzuna.co.uk/jobs/land/ad/4298654222?se=VPqMVZZN7hGCJeFzLk6SrA&v=CAC625196B8D69B548DB25ED39E0F9E76F302192
SEN TA Teacher Training- Bracknell,ACADEMICS,BRACKNELL,https://www.adzuna.co.uk/jobs/land/ad/4298131603?se=VPqMVZZN7hGCJeFzLk6SrA&v=B11829162229458A0B657D0667D7DDCBEC2287FF
Maths Teacher - Reading,ACADEMICS,READING,https://www.adzuna.co.uk/jobs/land/ad/4298127707?se=VPqMVZZN7hGCJeFzLk6SrA&v=872B7C64ACD256731E59086135DADC5932F9B5C5
AV Installation Engineer,BROOK STREET,READING,https://www.adzuna.co.uk/jobs/land/ad/4298125748?se=VPqMVZZN7hGCJeFzLk6SrA&v=8B14CFFF8962FAAA76C2D384A98C8B26CF3C11E5
Senior Sales Advisor,INSIGHT EMPLOYMENT LTD,READING,https://www.adzuna.co.uk/jobs/land/ad/4297965637?se=VPqMVZZN7hGCJeFzLk6SrA&v=5AE5FDF54C798EB737C85F392DEBFD2D72C2451A
Graduate Recruitment Consultant,VIRTUS TALENT,READING,https://www.adzuna.co.uk/jobs/land/ad/4298130163?se=VPqMVZZN7hGCJeFzLk6SrA&v=29162C1A00DDFC19750FA7229F4F88E10548BF04
Cloud Infrastructure Engineer,HAYS SPECIALIST RECRUITMENT LIMITED,BRACKNELL,https://www.adzuna.co.uk/jobs/land/ad/4300203435?se=VPqMVZZN7hGCJeFzLk6SrA&v=31826948C44864DA59561F1D93777A658989278A
Chef De Partie,FOCUS RESOURCING,READING,https://www.adzuna.co.uk/jobs/land/ad/4297975203?se=VPqMVZZN7hGCJeFzLk6SrA&v=7B004A4569285A31A940FA01BCAE582D00667A76
SEMH Teaching Assistant,REED,BRACKNELL,https://www.adzuna.co.uk/jobs/land/ad/4300208569?se=VPqMVZZN7hGCJeFzLk6SrA&v=8BAB8CBB232C71A45A3DF85758F415274F53817E
Head Chef,PHO,"READING, SOUTH EAST, RG1 2HG",https://www.adzuna.co.uk/jobs/land/ad/4298744527?se=pLikV5ZN7hGVPAH8F_18og&v=05A36ABCB882ACBF7FD45A39AC0526B52297DFD9
Doctor Functional Assessor,SJB MEDICAL,"READING, BERKSHIRE, RG1",https://www.adzuna.co.uk/jobs/land/ad/4298654222?se=pLikV5ZN7hGVPAH8F_18og&v=CAC625196B8D69B548DB25ED39E0F9E76F302192
SEN TA Teacher Training- Bracknell,ACADEMICS,BRACKNELL,https://www.adzuna.co.uk/jobs/land/ad/4298131603?se=pLikV5ZN7hGVPAH8F_18og&v=B11829162229458A0B657D0667D7DDCBEC2287FF
Maths Teacher - Reading,ACADEMICS,READING,https://www.adzuna.co.uk/jobs/land/ad/4298127707?se=pLikV5ZN7hGVPAH8F_18og&v=872B7C64ACD256731E59086135DADC5932F9B5C5
AV Installation Engineer,BROOK STREET,READING,https://www.adzuna.co.uk/jobs/land/ad/4298125748?se=pLikV5ZN7hGVPAH8F_18og&v=8B14CFFF8962FAAA76C2D384A98C8B26CF3C11E5
Senior Sales Advisor,INSIGHT EMPLOYMENT LTD,READING,https://www.adzuna.co.uk/jobs/land/ad/4297965637?se=pLikV5ZN7hGVPAH8F_18og&v=5AE5FDF54C798EB737C85F392DEBFD2D72C2451A
Graduate Recruitment Consultant,VIRTUS TALENT,READING,https://www.adzuna.co.uk/jobs/land/ad/4298130163?se=pLikV5ZN7hGVPAH8F_18og&v=29162C1A00DDFC19750FA7229F4F88E10548BF04
Cloud Infrastructure Engineer,HAYS SPECIALIST RECRUITMENT LIMITED,BRACKNELL,https://www.adzuna.co.uk/jobs/land/ad/4300203435?se=pLikV5ZN7hGVPAH8F_18og&v=31826948C44864DA59561F1D93777A658989278A
Chef De Partie,FOCUS RESOURCING,READING,https://www.adzuna.co.uk/jobs/land/ad/4297975203?se=pLikV5ZN7hGVPAH8F_18og&v=7B004A4569285A31A940FA01BCAE582D00667A76
SEMH Teaching Assistant,REED,BRACKNELL,https://www.adzuna.co.uk/jobs/land/ad/4300208569?se=pLikV5ZN7hGVPAH8F_18og&v=8BAB8CBB232C71A45A3DF85758F415274F53817E
Head Chef,PHO,"READING, SOUTH EAST, RG1 2HG",https://www.adzuna.co.uk/jobs/land/ad/4298744527?se=NDwlZJZN7hGVPAH8F_18og&v=05A36ABCB882ACBF7FD45A39AC0526B52297DFD9
Doctor Functional Assessor,SJB MEDICAL,"READING, BERKSHIRE, RG1",https://www.adzuna.co.uk/jobs/land/ad/4298654222?se=NDwlZJZN7hGVPAH8F_18og&v=CAC625196B8D69B548DB25ED39E0F9E76F302192
SEN TA Teacher Training- Bracknell,ACADEMICS,BRACKNELL,https://www.adzuna.co.uk/jobs/land/ad/4298131603?se=NDwlZJZN7hGVPAH8F_18og&v=B11829162229458A0B657D0667D7DDCBEC2287FF
Maths Teacher - Reading,ACADEMICS,READING,https://www.adzuna.co.uk/jobs/land/ad/4298127707?se=NDwlZJZN7hGVPAH8F_18og&v=872B7C64ACD256731E59086135DADC5932F9B5C5
AV Installation Engineer,BROOK STREET,READING,https://www.adzuna.co.uk/jobs/land/ad/4298125748?se=NDwlZJZN7hGVPAH8F_18og&v=8B14CFFF8962FAAA76C2D384A98C8B26CF3C11E5
Senior Sales Advisor,INSIGHT EMPLOYMENT LTD,READING,https://www.adzuna.co.uk/jobs/land/ad/4297965637?se=NDwlZJZN7hGVPAH8F_18og&v=5AE5FDF54C798EB737C85F392DEBFD2D72C2451A
Graduate Recruitment Consultant,VIRTUS TALENT,READING,https://www.adzuna.co.uk/jobs/land/ad/4298130163?se=NDwlZJZN7hGVPAH8F_18og&v=29162C1A00DDFC19750FA7229F4F88E10548BF04
Cloud Infrastructure Engineer,HAYS SPECIALIST RECRUITMENT LIMITED,BRACKNELL,https://www.adzuna.co.uk/jobs/land/ad/4300203435?se=NDwlZJZN7hGVPAH8F_18og&v=31826948C44864DA59561F1D93777A658989278A
Chef De Partie,FOCUS RESOURCING,READING,https://www.adzuna.co.uk/jobs/land/ad/4297975203?se=NDwlZJZN7hGVPAH8F_18og&v=7B004A4569285A31A940FA01BCAE582D00667A76
SEMH Teaching Assistant,REED,BRACKNELL,https://www.adzuna.co.uk/jobs/land/ad/4300208569?se=NDwlZJZN7hGVPAH8F_18og&v=8BAB8CBB232C71A45A3DF85758F415274F53817E
Head Chef,PHO,"READING, SOUTH EAST, RG1 2HG",https://www.adzuna.co.uk/jobs/land/ad/4298744527?se=PpAtZ5ZN7hGhsAOE7oJ16A&v=05A36ABCB882ACBF7FD45A39AC0526B52297DFD9
Doctor Functional Assessor,SJB MEDICAL,"READING, BERKSHIRE, RG1",https://www.adzuna.co.uk/jobs/land/ad/4298654222?se=PpAtZ5ZN7hGhsAOE7oJ16A&v=CAC625196B8D69B548DB25ED39E0F9E76F302192
SEN TA Teacher Training- Bracknell,ACADEMICS,BRACKNELL,https://www.adzuna.co.uk/jobs/land/ad/4298131603?se=PpAtZ5ZN7hGhsAOE7oJ16A&v=B11829162229458A0B657D0667D7DDCBEC2287FF
Maths Teacher - Reading,ACADEMICS,READING,https://www.adzuna.co.uk/jobs/land/ad/4298127707?se=PpAtZ5ZN7hGhsAOE7oJ16A&v=872B7C64ACD256731E59086135DADC5932F9B5C5
AV Installation Engineer,BROOK STREET,READING,https://www.adzuna.co.uk/jobs/land/ad/4298125748?se=PpAtZ5ZN7hGhsAOE7oJ16A&v=8B14CFFF8962FAAA76C2D384A98C8B26CF3C11E5
Senior Sales Advisor,INSIGHT EMPLOYMENT LTD,READING,https://www.adzuna.co.uk/jobs/land/ad/4297965637?se=PpAtZ5ZN7hGhsAOE7oJ16A&v=5AE5FDF54C798EB737C85F392DEBFD2D72C2451A
Graduate Recruitment Consultant,VIRTUS TALENT,READING,https://www.adzuna.co.uk/jobs/land/ad/4298130163?se=PpAtZ5ZN7hGhsAOE7oJ16A&v=29162C1A00DDFC19750FA7229F4F88E10548BF04
Cloud Infrastructure Engineer,HAYS SPECIALIST RECRUITMENT LIMITED,BRACKNELL,https://www.adzuna.co.uk/jobs/land/ad/4300203435?se=PpAtZ5ZN7hGhsAOE7oJ16A&v=31826948C44864DA59561F1D93777A658989278A
Chef De Partie,FOCUS RESOURCING,READING,https://www.adzuna.co.uk/jobs/land/ad/4297975203?se=PpAtZ5ZN7hGhsAOE7oJ16A&v=7B004A4569285A31A940FA01BCAE582D00667A76
SEMH Teaching Assistant,REED,BRACKNELL,https://www.adzuna.co.uk/jobs/land/ad/4300208569?se=PpAtZ5ZN7hGhsAOE7oJ16A&v=8BAB8CBB232C71A45A3DF85758F415274F53817E
Head Chef,PHO,"READING, SOUTH EAST, RG1 2HG",https://www.adzuna.co.uk/jobs/land/ad/4298744527?se=Kre3b5ZN7hGVPAH8F_18og&v=05A36ABCB882ACBF7FD45A39AC0526B52297DFD9
Doctor Functional Assessor,SJB MEDICAL,"READING, BERKSHIRE, RG1",https://www.adzuna.co.uk/jobs/land/ad/4298654222?se=Kre3b5ZN7hGVPAH8F_18og&v=CAC625196B8D69B548DB25ED39E0F9E76F302192
SEN TA Teacher Training- Bracknell,ACADEMICS,BRACKNELL,https://www.adzuna.co.uk/jobs/land/ad/4298131603?se=Kre3b5ZN7hGVPAH8F_18og&v=B11829162229458A0B657D0667D7DDCBEC2287FF
Maths Teacher - Reading,ACADEMICS,READING,https://www.adzuna.co.uk/jobs/land/ad/4298127707?se=Kre3b5ZN7hGVPAH8F_18og&v=872B7C64ACD256731E59086135DADC5932F9B5C5
AV Installation Engineer,BROOK STREET,READING,https://www.adzuna.co.uk/jobs/land/ad/4298125748?se=Kre3b5ZN7hGVPAH8F_18og&v=8B14CFFF8962FAAA76C2D384A98C8B26CF3C11E5
Senior Sales Advisor,INSIGHT EMPLOYMENT LTD,READING,https://www.adzuna.co.uk/jobs/land/ad/4297965637?se=Kre3b5ZN7hGVPAH8F_18og&v=5AE5FDF54C798EB737C85F392DEBFD2D72C2451A
Graduate Recruitment Consultant,VIRTUS TALENT,READING,https://www.adzuna.co.uk/jobs/land/ad/4298130163?se=Kre3b5ZN7hGVPAH8F_18og&v=29162C1A00DDFC19750FA7229F4F88E10548BF04
Cloud Infrastructure Engineer,HAYS SPECIALIST RECRUITMENT LIMITED,BRACKNELL,https://www.adzuna.co.uk/jobs/land/ad/4300203435?se=Kre3b5ZN7hGVPAH8F_18og&v=31826948C44864DA59561F1D93777A658989278A
Chef De Partie,FOCUS RESOURCING,READING,https://www.adzuna.co.uk/jobs/land/ad/4297975203?se=Kre3b5ZN7hGVPAH8F_18og&v=7B004A4569285A31A940FA01BCAE582D00667A76
SEMH Teaching Assistant,REED,BRACKNELL,https://www.adzuna.co.uk/jobs/land/ad/4300208569?se=Kre3b5ZN7hGVPAH8F_18og&v=8BAB8CBB232C71A45A3DF85758F415274F53817E
Head Chef,PHO,"READING, SOUTH EAST, RG1 2HG",https://www.adzuna.co.uk/jobs/land/ad/4298744527?se=2lt1cZZN7hGSFifmZYHMMA&v=05A36ABCB882ACBF7FD45A39AC0526B52297DFD9
Doctor Functional Assessor,SJB MEDICAL,"READING, BERKSHIRE, RG1",https://www.adzuna.co.uk/jobs/land/ad/4298654222?se=2lt1cZZN7hGSFifmZYHMMA&v=CAC625196B8D69B548DB25ED39E0F9E76F302192
SEN TA Teacher Training- Bracknell,ACADEMICS,BRACKNELL,https://www.adzuna.co.uk/jobs/land/ad/4298131603?se=2lt1cZZN7hGSFifmZYHMMA&v=B11829162229458A0B657D0667D7DDCBEC2287FF
Maths Teacher - Reading,ACADEMICS,READING,https://www.adzuna.co.uk/jobs/land/ad/4298127707?se=2lt1cZZN7hGSFifmZYHMMA&v=872B7C64ACD256731E59086135DADC5932F9B5C5
AV Installation Engineer,BROOK STREET,READING,https://www.adzuna.co.uk/jobs/land/ad/4298125748?se=2lt1cZZN7hGSFifmZYHMMA&v=8B14CFFF8962FAAA76C2D384A98C8B26CF3C11E5
Senior Sales Advisor,INSIGHT EMPLOYMENT LTD,READING,https://www.adzuna.co.uk/jobs/land/ad/4297965637?se=2lt1cZZN7hGSFifmZYHMMA&v=5AE5FDF54C798EB737C85F392DEBFD2D72C2451A
Graduate Recruitment Consultant,VIRTUS TALENT,READING,https://www.adzuna.co.uk/jobs/land/ad/4298130163?se=2lt1cZZN7hGSFifmZYHMMA&v=29162C1A00DDFC19750FA7229F4F88E10548BF04
Cloud Infrastructure Engineer,HAYS SPECIALIST RECRUITMENT LIMITED,BRACKNELL,https://www.adzuna.co.uk/jobs/land/ad/4300203435?se=2lt1cZZN7hGSFifmZYHMMA&v=31826948C44864DA59561F1D93777A658989278A
Chef De Partie,FOCUS RESOURCING,READING,https://www.adzuna.co.uk/jobs/land/ad/4297975203?se=2lt1cZZN7hGSFifmZYHMMA&v=7B004A4569285A31A940FA01BCAE582D00667A76
SEMH Teaching Assistant,REED,BRACKNELL,https://www.adzuna.co.uk/jobs/land/ad/4300208569?se=2lt1cZZN7hGSFifmZYHMMA&v=8BAB8CBB232C71A45A3DF85758F415274F53817E
Head Chef,PHO,"READING, SOUTH EAST, RG1 2HG",https://www.adzuna.co.uk/jobs/land/ad/4298744527?se=Wpccc5ZN7hGhsAOE7oJ16A&v=05A36ABCB882ACBF7FD45A39AC0526B52297DFD9
Doctor Functional Assessor,SJB MEDICAL,"READING, BERKSHIRE, RG1",https://www.adzuna.co.uk/jobs/land/ad/4298654222?se=Wpccc5ZN7hGhsAOE7oJ16A&v=CAC625196B8D69B548DB25ED39E0F9E76F302192
SEN TA Teacher Training- Bracknell,ACADEMICS,BRACKNELL,https://www.adzuna.co.uk/jobs/land/ad/4298131603?se=Wpccc5ZN7hGhsAOE7oJ16A&v=B11829162229458A0B657D0667D7DDCBEC2287FF
Maths Teacher - Reading,ACADEMICS,READING,https://www.adzuna.co.uk/jobs/land/ad/4298127707?se=Wpccc5ZN7hGhsAOE7oJ16A&v=872B7C64ACD256731E59086135DADC5932F9B5C5
AV Installation Engineer,BROOK STREET,READING,https://www.adzuna.co.uk/jobs/land/ad/4298125748?se=Wpccc5ZN7hGhsAOE7oJ16A&v=8B14CFFF8962FAAA76C2D384A98C8B26CF3C11E5
Senior Sales Advisor,INSIGHT EMPLOYMENT LTD,READING,https://www.adzuna.co.uk/jobs/land/ad/4297965637?se=Wpccc5ZN7hGhsAOE7oJ16A&v=5AE5FDF54C798EB737C85F392DEBFD2D72C2451A
Graduate Recruitment Consultant,VIRTUS TALENT,READING,https://www.adzuna.co.uk/jobs/land/ad/4298130163?se=Wpccc5ZN7hGhsAOE7oJ16A&v=29162C1A00DDFC19750FA7229F4F88E10548BF04
Cloud Infrastructure Engineer,HAYS SPECIALIST RECRUITMENT LIMITED,BRACKNELL,https://www.adzuna.co.uk/jobs/land/ad/4300203435?se=Wpccc5ZN7hGhsAOE7oJ16A&v=31826948C44864DA59561F1D93777A658989278A
Chef De Partie,FOCUS RESOURCING,READING,https://www.adzuna.co.uk/jobs/land/ad/4297975203?se=Wpccc5ZN7hGhsAOE7oJ16A&v=7B004A4569285A31A940FA01BCAE582D00667A76
SEMH Teaching Assistant,REED,BRACKNELL,https://www.adzuna.co.uk/jobs/land/ad/4300208569?se=Wpccc5ZN7hGhsAOE7oJ16A&v=8BAB8CBB232C71A45A3DF85758F415274F53817E
Head Chef,PHO,"READING, SOUTH EAST, RG1 2HG",https://www.adzuna.co.uk/jobs/land/ad/4298744527?se=7IPddJZN7hGhsAOE7oJ16A&v=05A36ABCB882ACBF7FD45A39AC0526B52297DFD9
Doctor Functional Assessor,SJB MEDICAL,"READING, BERKSHIRE, RG1",https://www.adzuna.co.uk/jobs/land/ad/4298654222?se=7IPddJZN7hGhsAOE7oJ16A&v=CAC625196B8D69B548DB25ED39E0F9E76F302192
SEN TA Teacher Training- Bracknell,ACADEMICS,BRACKNELL,https://www.adzuna.co.uk/jobs/land/ad/4298131603?se=7IPddJZN7hGhsAOE7oJ16A&v=B11829162229458A0B657D0667D7DDCBEC2287FF
Maths Teacher - Reading,ACADEMICS,READING,https://www.adzuna.co.uk/jobs/land/ad/4298127707?se=7IPddJZN7hGhsAOE7oJ16A&v=872B7C64ACD256731E59086135DADC5932F9B5C5
AV Installation Engineer,BROOK STREET,READING,https://www.adzuna.co.uk/jobs/land/ad/4298125748?se=7IPddJZN7hGhsAOE7oJ16A&v=8B14CFFF8962FAAA76C2D384A98C8B26CF3C11E5
Senior Sales Advisor,INSIGHT EMPLOYMENT LTD,READING,https://www.adzuna.co.uk/jobs/land/ad/4297965637?se=7IPddJZN7hGhsAOE7oJ16A&v=5AE5FDF54C798EB737C85F392DEBFD2D72C2451A
Graduate Recruitment Consultant,VIRTUS TALENT,READING,https://www.adzuna.co.uk/jobs/land/ad/4298130163?se=7IPddJZN7hGhsAOE7oJ16A&v=29162C1A00DDFC19750FA7229F4F88E10548BF04
Cloud Infrastructure Engineer,HAYS SPECIALIST RECRUITMENT LIMITED,BRACKNELL,https://www.adzuna.co.uk/jobs/land/ad/4300203435?se=7IPddJZN7hGhsAOE7oJ16A&v=31826948C44864DA59561F1D93777A658989278A
Chef De Partie,FOCUS RESOURCING,READING,https://www.adzuna.co.uk/jobs/land/ad/4297975203?se=7IPddJZN7hGhsAOE7oJ16A&v=7B004A4569285A31A940FA01BCAE582D00667A76
SEMH Teaching Assistant,REED,BRACKNELL,https://www.adzuna.co.uk/jobs/land/ad/4300208569?se=7IPddJZN7hGhsAOE7oJ16A&v=8BAB8CBB232C71A45A3DF85758F415274F53817E
Head Chef,PHO,"READING, SOUTH EAST, RG1 2HG",https://www.adzuna.co.uk/jobs/land/ad/4298744527?se=BB1WeJZN7hGhsAOE7oJ16A&v=05A36ABCB882ACBF7FD45A39AC0526B52297DFD9
Doctor Functional Assessor,SJB MEDICAL,"READING, BERKSHIRE, RG1",https://www.adzuna.co.uk/jobs/land/ad/4298654222?se=BB1WeJZN7hGhsAOE7oJ16A&v=CAC625196B8D69B548DB25ED39E0F9E76F302192
SEN TA Teacher Training- Bracknell,ACADEMICS,BRACKNELL,https://www.adzuna.co.uk/jobs/land/ad/4298131603?se=BB1WeJZN7hGhsAOE7oJ16A&v=B11829162229458A0B657D0667D7DDCBEC2287FF
Maths Teacher - Reading,ACADEMICS,READING,https://www.adzuna.co.uk/jobs/land/ad/4298127707?se=BB1WeJZN7hGhsAOE7oJ16A&v=872B7C64ACD256731E59086135DADC5932F9B5C5
AV Installation Engineer,BROOK STREET,READING,https://www.adzuna.co.uk/jobs/land/ad/4298125748?se=BB1WeJZN7hGhsAOE7oJ16A&v=8B14CFFF8962FAAA76C2D384A98C8B26CF3C11E5
Senior Sales Advisor,INSIGHT EMPLOYMENT LTD,READING,https://www.adzuna.co.uk/jobs/land/ad/4297965637?se=BB1WeJZN7hGhsAOE7oJ16A&v=5AE5FDF54C798EB737C85F392DEBFD2D72C2451A
Graduate Recruitment Consultant,VIRTUS TALENT,READING,https://www.adzuna.co.uk/jobs/land/ad/4298130163?se=BB1WeJZN7hGhsAOE7oJ16A&v=29162C1A00DDFC19750FA7229F4F88E10548BF04
Cloud Infrastructure Engineer,HAYS SPECIALIST RECRUITMENT LIMITED,BRACKNELL,https://www.adzuna.co.uk/jobs/land/ad/4300203435?se=BB1WeJZN7hGhsAOE7oJ16A&v=31826948C44864DA59561F1D93777A658989278A
Chef De Partie,FOCUS RESOURCING,READING,https://www.adzuna.co.uk/jobs/land/ad/4297975203?se=BB1WeJZN7hGhsAOE7oJ16A&v=7B004A4569285A31A940FA01BCAE582D00667A76
SEMH Teaching Assistant,REED,BRACKNELL,https://www.adzuna.co.uk/jobs/land/ad/4300208569?se=BB1WeJZN7hGhsAOE7oJ16A&v=8BAB8CBB232C71A45A3DF85758F415274F53817E
Head Chef,PHO,"READING, SOUTH EAST, RG1 2HG",https://www.adzuna.co.uk/jobs/land/ad/4298744527?se=TBW-hJZN7hGV7McH6-AIfw&v=05A36ABCB882ACBF7FD45A39AC0526B52297DFD9
Doctor Functional Assessor,SJB MEDICAL,"READING, BERKSHIRE, RG1",https://www.adzuna.co.uk/jobs/land/ad/4298654222?se=TBW-hJZN7hGV7McH6-AIfw&v=CAC625196B8D69B548DB25ED39E0F9E76F302192
SEN TA Teacher Training- Bracknell,ACADEMICS,BRACKNELL,https://www.adzuna.co.uk/jobs/land/ad/4298131603?se=TBW-hJZN7hGV7McH6-AIfw&v=B11829162229458A0B657D0667D7DDCBEC2287FF
Maths Teacher - Reading,ACADEMICS,READING,https://www.adzuna.co.uk/jobs/land/ad/4298127707?se=TBW-hJZN7hGV7McH6-AIfw&v=872B7C64ACD256731E59086135DADC5932F9B5C5
AV Installation Engineer,BROOK STREET,READING,https://www.adzuna.co.uk/jobs/land/ad/4298125748?se=TBW-hJZN7hGV7McH6-AIfw&v=8B14CFFF8962FAAA76C2D384A98C8B26CF3C11E5
Senior Sales Advisor,INSIGHT EMPLOYMENT LTD,READING,https://www.adzuna.co.uk/jobs/land/ad/4297965637?se=TBW-hJZN7hGV7McH6-AIfw&v=5AE5FDF54C798EB737C85F392DEBFD2D72C2451A
Graduate Recruitment Consultant,VIRTUS TALENT,READING,https://www.adzuna.co.uk/jobs/land/ad/4298130163?se=TBW-hJZN7hGV7McH6-AIfw&v=29162C1A00DDFC19750FA7229F4F88E10548BF04
Cloud Infrastructure Engineer,HAYS SPECIALIST RECRUITMENT LIMITED,BRACKNELL,https://www.adzuna.co.uk/jobs/land/ad/4300203435?se=TBW-hJZN7hGV7McH6-AIfw&v=31826948C44864DA59561F1D93777A658989278A
Chef De Partie,FOCUS RESOURCING,READING,https://www.adzuna.co.uk/jobs/land/ad/4297975203?se=TBW-hJZN7hGV7McH6-AIfw&v=7B004A4569285A31A940FA01BCAE582D00667A76
SEMH Teaching Assistant,REED,BRACKNELL,https://www.adzuna.co.uk/jobs/land/ad/4300208569?se=TBW-hJZN7hGV7McH6-AIfw&v=8BAB8CBB232C71A45A3DF85758F415274F53817E
